island_id,island_state,family_count,core_count,raw_count,edge_count,possible_edge_count,local_edge_density,avg_meaning_similarity,max_meaning_similarity,semantic_density,variant_attraction,island_growth,island_fragmentation,density_reproduction,semantic_vorticity,families,core_families,raw_families,passive_only,writes_runtime_memory,read_by_mini_dio,influences_action,is_gate,is_motoric,is_entry_signal,is_direction_signal,density_state,dio_semantic_density_sentence
dio_semantic_island_2,raw_semantic_island,6,0,6,7,15,0.466667,0.999451,0.999802,0.753235,0.829224,0.99998,0.000293,0.0,0.668344,dio_02rt|dio_0haj|dio_0x9y|dio_10gp|dio_1a18|dio_1qst,-,dio_02rt|dio_0haj|dio_0x9y|dio_10gp|dio_1a18|dio_1qst,True,False,False,False,False,False,False,False,passive_semantic_density_center,dio_semantic_island_2: semantisches Dichtezentrum; Varianten koppeln an einen stabilen Inselraum.
dio_semantic_island_1,raw_semantic_island,6,0,6,7,15,0.466667,0.999313,0.999762,0.75321,0.829196,0.999976,0.000366,0.0,0.66835,dio_010h|dio_095l|dio_0g9z|dio_0xkp|dio_108f|dio_1ocs,-,dio_010h|dio_095l|dio_0g9z|dio_0xkp|dio_108f|dio_1ocs,True,False,False,False,False,False,False,False,passive_semantic_density_center,dio_semantic_island_1: semantisches Dichtezentrum; Varianten koppeln an einen stabilen Inselraum.
dio_semantic_island_17,raw_semantic_island,4,0,4,6,6,1.0,0.999468,0.999673,0.745619,0.999894,0.824729,0.0,0.0,0.683869,dio_14zz|dio_159y|dio_15u1|dio_1640,-,dio_14zz|dio_159y|dio_15u1|dio_1640,True,False,False,False,False,False,False,False,passive_semantic_density_center,dio_semantic_island_17: semantisches Dichtezentrum; Varianten koppeln an einen stabilen Inselraum.
dio_semantic_island_3,raw_semantic_island,6,0,6,6,15,0.4,0.999197,0.9995,0.70557,0.807839,0.951379,0.000482,0.0,0.643859,dio_14eb|dio_151h|dio_155e|dio_1f9y|dio_1pel|dio_1wgb,-,dio_14eb|dio_151h|dio_155e|dio_1f9y|dio_1pel|dio_1wgb,True,False,False,False,False,False,False,False,passive_growing_semantic_island,dio_semantic_island_3: wachsende Bedeutungsinsel mit sichtbarer Variantenanziehung.
dio_semantic_island_16,raw_semantic_island,4,0,4,4,6,0.666667,0.999607,0.999944,0.610405,0.893255,0.727613,0.000131,0.0,0.608037,dio_0nvd|dio_0q3d|dio_12sg|dio_1gwl,-,dio_0nvd|dio_0q3d|dio_12sg|dio_1gwl,True,False,False,False,False,False,False,False,passive_growing_semantic_island,dio_semantic_island_16: wachsende Bedeutungsinsel mit sichtbarer Variantenanziehung.
dio_semantic_island_6,raw_semantic_island,4,0,4,4,6,0.666667,0.999532,0.999649,0.610392,0.89324,0.727584,0.000156,0.0,0.608028,dio_0325|dio_10qz|dio_114i|dio_1ytc,-,dio_0325|dio_10qz|dio_114i|dio_1ytc,True,False,False,False,False,False,False,False,passive_growing_semantic_island,dio_semantic_island_6: wachsende Bedeutungsinsel mit sichtbarer Variantenanziehung.
dio_semantic_island_14,raw_semantic_island,4,0,4,4,6,0.666667,0.999475,0.999634,0.610382,0.893228,0.727582,0.000175,0.0,0.608028,dio_0m9e|dio_140n|dio_1bi7|dio_1o2b,-,dio_0m9e|dio_140n|dio_1bi7|dio_1o2b,True,False,False,False,False,False,False,False,passive_growing_semantic_island,dio_semantic_island_14: wachsende Bedeutungsinsel mit sichtbarer Variantenanziehung.
dio_semantic_island_15,raw_semantic_island,4,0,4,4,6,0.666667,0.999428,0.999898,0.610373,0.893219,0.727609,0.000191,0.0,0.608036,dio_0n6e|dio_1ffn|dio_1i05|dio_1knc,-,dio_0n6e|dio_1ffn|dio_1i05|dio_1knc,True,False,False,False,False,False,False,False,passive_growing_semantic_island,dio_semantic_island_15: wachsende Bedeutungsinsel mit sichtbarer Variantenanziehung.
dio_semantic_island_9,raw_semantic_island,4,0,4,4,6,0.666667,0.999402,0.999757,0.610369,0.893214,0.727595,0.000199,0.0,0.608032,dio_0cxr|dio_0j34|dio_0ocp|dio_1reh,-,dio_0cxr|dio_0j34|dio_0ocp|dio_1reh,True,False,False,False,False,False,False,False,passive_growing_semantic_island,dio_semantic_island_9: wachsende Bedeutungsinsel mit sichtbarer Variantenanziehung.
dio_semantic_island_25,raw_semantic_island,3,0,3,3,3,1.0,0.99955,0.9999,0.602776,0.99991,0.615704,0.0,0.0,0.616988,dio_0kom|dio_0zkk|dio_12x0,-,dio_0kom|dio_0zkk|dio_12x0,True,False,False,False,False,False,False,False,passive_growing_semantic_island,dio_semantic_island_25: wachsende Bedeutungsinsel mit sichtbarer Variantenanziehung.
dio_semantic_island_4,raw_semantic_island,5,0,5,4,10,0.4,0.999399,0.999752,0.597035,0.80788,0.790928,0.000361,0.0,0.5925,dio_005q|dio_0zq7|dio_1fzx|dio_1j58|dio_1qd9,-,dio_005q|dio_0zq7|dio_1fzx|dio_1j58|dio_1qd9,True,False,False,False,False,False,False,False,passive_growing_semantic_island,dio_semantic_island_4: wachsende Bedeutungsinsel mit sichtbarer Variantenanziehung.
dio_semantic_island_10,raw_semantic_island,4,0,4,3,6,0.5,0.999555,0.999736,0.542777,0.839911,0.679021,0.000223,0.0,0.570107,dio_0hlx|dio_0x52|dio_1jgc|dio_1lg2,-,dio_0hlx|dio_0x52|dio_1jgc|dio_1lg2,True,False,False,False,False,False,False,False,passive_growing_semantic_island,dio_semantic_island_10: wachsende Bedeutungsinsel mit sichtbarer Variantenanziehung.
dio_semantic_island_5,raw_semantic_island,4,0,4,3,6,0.5,0.999444,0.999816,0.542757,0.839889,0.679029,0.000278,0.0,0.570115,dio_01w7|dio_0hl8|dio_1ee7|dio_1ubq,-,dio_01w7|dio_0hl8|dio_1ee7|dio_1ubq,True,False,False,False,False,False,False,False,passive_growing_semantic_island,dio_semantic_island_5: wachsende Bedeutungsinsel mit sichtbarer Variantenanziehung.
dio_semantic_island_7,raw_semantic_island,4,0,4,3,6,0.5,0.999386,0.999505,0.542747,0.839877,0.678998,0.000307,0.0,0.570108,dio_07mw|dio_0icm|dio_0jcg|dio_1204,-,dio_07mw|dio_0icm|dio_0jcg|dio_1204,True,False,False,False,False,False,False,False,passive_growing_semantic_island,dio_semantic_island_7: wachsende Bedeutungsinsel mit sichtbarer Variantenanziehung.
dio_semantic_island_8,raw_semantic_island,4,0,4,3,6,0.5,0.99931,0.999596,0.542733,0.839862,0.679007,0.000345,0.0,0.570114,dio_09u3|dio_0qjm|dio_1im7|dio_1pbz,-,dio_09u3|dio_0qjm|dio_1im7|dio_1pbz,True,False,False,False,False,False,False,False,passive_growing_semantic_island,dio_semantic_island_8: wachsende Bedeutungsinsel mit sichtbarer Variantenanziehung.
dio_semantic_island_11,raw_semantic_island,4,0,4,3,6,0.5,0.999301,0.999443,0.542731,0.83986,0.678992,0.00035,0.0,0.57011,dio_0ink|dio_0w16|dio_0yk9|dio_0zmy,-,dio_0ink|dio_0w16|dio_0yk9|dio_0zmy,True,False,False,False,False,False,False,False,passive_growing_semantic_island,dio_semantic_island_11: wachsende Bedeutungsinsel mit sichtbarer Variantenanziehung.
dio_semantic_island_13,raw_semantic_island,4,0,4,3,6,0.5,0.999259,0.999436,0.542724,0.839852,0.678991,0.00037,0.0,0.570111,dio_0jp7|dio_0qfc|dio_19p7|dio_19x7,-,dio_0jp7|dio_0qfc|dio_19p7|dio_19x7,True,False,False,False,False,False,False,False,passive_growing_semantic_island,dio_semantic_island_13: wachsende Bedeutungsinsel mit sichtbarer Variantenanziehung.
dio_semantic_island_12,raw_semantic_island,4,0,4,3,6,0.5,0.999219,0.999648,0.542717,0.839844,0.679012,0.000391,0.0,0.57012,dio_0jg9|dio_0xyz|dio_16l1|dio_1ipn,-,dio_0jg9|dio_0xyz|dio_16l1|dio_1ipn,True,False,False,False,False,False,False,False,passive_growing_semantic_island,dio_semantic_island_12: wachsende Bedeutungsinsel mit sichtbarer Variantenanziehung.
dio_semantic_island_26,raw_semantic_island,3,0,3,2,3,0.666667,0.999474,0.999602,0.50181,0.893228,0.567103,0.000175,0.0,0.556674,dio_0omt|dio_0u61|dio_13v0,-,dio_0omt|dio_0u61|dio_13v0,True,False,False,False,False,False,False,False,passive_raw_semantic_density,dio_semantic_island_26: rohe semantische Dichte ohne stabile Kernwirkung.
dio_semantic_island_19,raw_semantic_island,3,0,3,2,3,0.666667,0.999403,0.999694,0.501797,0.893214,0.567112,0.000199,0.0,0.556678,dio_049c|dio_0d83|dio_0qs0,-,dio_049c|dio_0d83|dio_0qs0,True,False,False,False,False,False,False,False,passive_raw_semantic_density,dio_semantic_island_19: rohe semantische Dichte ohne stabile Kernwirkung.
dio_semantic_island_23,raw_semantic_island,3,0,3,2,3,0.666667,0.999401,0.999465,0.501797,0.893214,0.567089,0.0002,0.0,0.55667,dio_0dos|dio_0rt8|dio_1dl4,-,dio_0dos|dio_0rt8|dio_1dl4,True,False,False,False,False,False,False,False,passive_raw_semantic_density,dio_semantic_island_23: rohe semantische Dichte ohne stabile Kernwirkung.
dio_semantic_island_28,raw_semantic_island,3,0,3,2,3,0.666667,0.999393,0.999434,0.501796,0.893212,0.567086,0.000202,0.0,0.556669,dio_15rg|dio_1cdk|dio_1yob,-,dio_15rg|dio_1cdk|dio_1yob,True,False,False,False,False,False,False,False,passive_raw_semantic_density,dio_semantic_island_28: rohe semantische Dichte ohne stabile Kernwirkung.
dio_semantic_island_21,raw_semantic_island,3,0,3,2,3,0.666667,0.999378,0.99943,0.501793,0.893209,0.567086,0.000207,0.0,0.556669,dio_09ow|dio_1mrs|dio_1wr5,-,dio_09ow|dio_1mrs|dio_1wr5,True,False,False,False,False,False,False,False,passive_raw_semantic_density,dio_semantic_island_21: rohe semantische Dichte ohne stabile Kernwirkung.
dio_semantic_island_18,raw_semantic_island,3,0,3,2,3,0.666667,0.999372,0.999526,0.501792,0.893208,0.567095,0.000209,0.0,0.556672,dio_015b|dio_0iou|dio_1575,-,dio_015b|dio_0iou|dio_1575,True,False,False,False,False,False,False,False,passive_raw_semantic_density,dio_semantic_island_18: rohe semantische Dichte ohne stabile Kernwirkung.
dio_semantic_island_22,raw_semantic_island,3,0,3,2,3,0.666667,0.99932,0.999484,0.501782,0.893197,0.567091,0.000227,0.0,0.556671,dio_0bde|dio_0z2v|dio_16ry,-,dio_0bde|dio_0z2v|dio_16ry,True,False,False,False,False,False,False,False,passive_raw_semantic_density,dio_semantic_island_22: rohe semantische Dichte ohne stabile Kernwirkung.
dio_semantic_island_27,raw_semantic_island,3,0,3,2,3,0.666667,0.999278,0.999287,0.501775,0.893189,0.567072,0.000241,0.0,0.556665,dio_0yco|dio_155k|dio_1mym,-,dio_0yco|dio_155k|dio_1mym,True,False,False,False,False,False,False,False,passive_raw_semantic_density,dio_semantic_island_27: rohe semantische Dichte ohne stabile Kernwirkung.
dio_semantic_island_29,raw_semantic_island,3,0,3,2,3,0.666667,0.999253,0.9995,0.50177,0.893184,0.567093,0.000249,0.0,0.556672,dio_17xf|dio_1ekr|dio_1tsz,-,dio_17xf|dio_1ekr|dio_1tsz,True,False,False,False,False,False,False,False,passive_raw_semantic_density,dio_semantic_island_29: rohe semantische Dichte ohne stabile Kernwirkung.
dio_semantic_island_20,raw_semantic_island,3,0,3,2,3,0.666667,0.999179,0.999296,0.501757,0.893169,0.567072,0.000274,0.0,0.556665,dio_065c|dio_07lp|dio_171c,-,dio_065c|dio_07lp|dio_171c,True,False,False,False,False,False,False,False,passive_raw_semantic_density,dio_semantic_island_20: rohe semantische Dichte ohne stabile Kernwirkung.
dio_semantic_island_24,raw_semantic_island,3,0,3,2,3,0.666667,0.999094,0.999158,0.501742,0.893152,0.567059,0.000302,0.0,0.556661,dio_0g2u|dio_0ic6|dio_1287,-,dio_0g2u|dio_0ic6|dio_1287,True,False,False,False,False,False,False,False,passive_raw_semantic_density,dio_semantic_island_24: rohe semantische Dichte ohne stabile Kernwirkung.
dio_semantic_island_48,raw_semantic_island,2,0,2,1,1,1.0,0.99996,0.99996,0.494279,0.999992,0.455234,0.0,0.0,0.565672,dio_1aqj|dio_1n79,-,dio_1aqj|dio_1n79,True,False,False,False,False,False,False,False,passive_raw_semantic_density,dio_semantic_island_48: rohe semantische Dichte ohne stabile Kernwirkung.
dio_semantic_island_45,raw_semantic_island,2,0,2,1,1,1.0,0.999935,0.999935,0.494274,0.999987,0.455232,0.0,0.0,0.565669,dio_10xx|dio_1m7i,-,dio_10xx|dio_1m7i,True,False,False,False,False,False,False,False,passive_raw_semantic_density,dio_semantic_island_45: rohe semantische Dichte ohne stabile Kernwirkung.
dio_semantic_island_31,raw_semantic_island,2,0,2,1,1,1.0,0.999917,0.999917,0.494271,0.999983,0.45523,0.0,0.0,0.565667,dio_0192|dio_1p8y,-,dio_0192|dio_1p8y,True,False,False,False,False,False,False,False,passive_raw_semantic_density,dio_semantic_island_31: rohe semantische Dichte ohne stabile Kernwirkung.
dio_semantic_island_33,raw_semantic_island,2,0,2,1,1,1.0,0.999851,0.999851,0.494259,0.99997,0.455223,0.0,0.0,0.565659,dio_0azl|dio_1n5f,-,dio_0azl|dio_1n5f,True,False,False,False,False,False,False,False,passive_raw_semantic_density,dio_semantic_island_33: rohe semantische Dichte ohne stabile Kernwirkung.
dio_semantic_island_35,raw_semantic_island,2,0,2,1,1,1.0,0.999829,0.999829,0.494255,0.999966,0.455221,0.0,0.0,0.565656,dio_0jx1|dio_1jfw,-,dio_0jx1|dio_1jfw,True,False,False,False,False,False,False,False,passive_raw_semantic_density,dio_semantic_island_35: rohe semantische Dichte ohne stabile Kernwirkung.
dio_semantic_island_39,raw_semantic_island,2,0,2,1,1,1.0,0.999769,0.999769,0.494244,0.999954,0.455215,0.0,0.0,0.565649,dio_0l06|dio_15e5,-,dio_0l06|dio_15e5,True,False,False,False,False,False,False,False,passive_raw_semantic_density,dio_semantic_island_39: rohe semantische Dichte ohne stabile Kernwirkung.
dio_semantic_island_43,raw_semantic_island,2,0,2,1,1,1.0,0.999657,0.999657,0.494224,0.999931,0.455204,0.0,0.0,0.565636,dio_0v3a|dio_11vr,-,dio_0v3a|dio_11vr,True,False,False,False,False,False,False,False,passive_raw_semantic_density,dio_semantic_island_43: rohe semantische Dichte ohne stabile Kernwirkung.
dio_semantic_island_46,raw_semantic_island,2,0,2,1,1,1.0,0.999657,0.999657,0.494224,0.999931,0.455204,0.0,0.0,0.565636,dio_11e2|dio_1k9e,-,dio_11e2|dio_1k9e,True,False,False,False,False,False,False,False,passive_raw_semantic_density,dio_semantic_island_46: rohe semantische Dichte ohne stabile Kernwirkung.
dio_semantic_island_53,raw_semantic_island,2,0,2,1,1,1.0,0.999646,0.999646,0.494222,0.999929,0.455203,0.0,0.0,0.565635,dio_1mwc|dio_1sdh,-,dio_1mwc|dio_1sdh,True,False,False,False,False,False,False,False,passive_raw_semantic_density,dio_semantic_island_53: rohe semantische Dichte ohne stabile Kernwirkung.
dio_semantic_island_38,raw_semantic_island,2,0,2,1,1,1.0,0.999631,0.999631,0.494219,0.999926,0.455201,0.0,0.0,0.565633,dio_0kw1|dio_0t61,-,dio_0kw1|dio_0t61,True,False,False,False,False,False,False,False,passive_raw_semantic_density,dio_semantic_island_38: rohe semantische Dichte ohne stabile Kernwirkung.
dio_semantic_island_40,raw_semantic_island,2,0,2,1,1,1.0,0.999576,0.999576,0.494209,0.999915,0.455196,0.0,0.0,0.565627,dio_0lf6|dio_14ai,-,dio_0lf6|dio_14ai,True,False,False,False,False,False,False,False,passive_raw_semantic_density,dio_semantic_island_40: rohe semantische Dichte ohne stabile Kernwirkung.
dio_semantic_island_36,raw_semantic_island,2,0,2,1,1,1.0,0.999542,0.999542,0.494203,0.999908,0.455192,0.0,0.0,0.565623,dio_0kae|dio_0r61,-,dio_0kae|dio_0r61,True,False,False,False,False,False,False,False,passive_raw_semantic_density,dio_semantic_island_36: rohe semantische Dichte ohne stabile Kernwirkung.
dio_semantic_island_37,raw_semantic_island,2,0,2,1,1,1.0,0.999527,0.999527,0.494201,0.999905,0.455191,0.0,0.0,0.565621,dio_0ksa|dio_0t8k,-,dio_0ksa|dio_0t8k,True,False,False,False,False,False,False,False,passive_raw_semantic_density,dio_semantic_island_37: rohe semantische Dichte ohne stabile Kernwirkung.
dio_semantic_island_50,raw_semantic_island,2,0,2,1,1,1.0,0.999427,0.999427,0.494183,0.999885,0.455181,0.0,0.0,0.56561,dio_1gad|dio_1yc2,-,dio_1gad|dio_1yc2,True,False,False,False,False,False,False,False,passive_raw_semantic_density,dio_semantic_island_50: rohe semantische Dichte ohne stabile Kernwirkung.
dio_semantic_island_51,raw_semantic_island,2,0,2,1,1,1.0,0.999424,0.999424,0.494182,0.999885,0.45518,0.0,0.0,0.565609,dio_1gig|dio_1gsg,-,dio_1gig|dio_1gsg,True,False,False,False,False,False,False,False,passive_raw_semantic_density,dio_semantic_island_51: rohe semantische Dichte ohne stabile Kernwirkung.
dio_semantic_island_49,raw_semantic_island,2,0,2,1,1,1.0,0.999402,0.999402,0.494178,0.99988,0.455178,0.0,0.0,0.565607,dio_1cln|dio_1dkd,-,dio_1cln|dio_1dkd,True,False,False,False,False,False,False,False,passive_raw_semantic_density,dio_semantic_island_49: rohe semantische Dichte ohne stabile Kernwirkung.
dio_semantic_island_52,raw_semantic_island,2,0,2,1,1,1.0,0.999395,0.999395,0.494177,0.999879,0.455178,0.0,0.0,0.565606,dio_1iox|dio_1uff,-,dio_1iox|dio_1uff,True,False,False,False,False,False,False,False,passive_raw_semantic_density,dio_semantic_island_52: rohe semantische Dichte ohne stabile Kernwirkung.
dio_semantic_island_41,raw_semantic_island,2,0,2,1,1,1.0,0.999378,0.999378,0.494174,0.999876,0.455176,0.0,0.0,0.565604,dio_0o73|dio_11ex,-,dio_0o73|dio_11ex,True,False,False,False,False,False,False,False,passive_raw_semantic_density,dio_semantic_island_41: rohe semantische Dichte ohne stabile Kernwirkung.
dio_semantic_island_30,raw_semantic_island,2,0,2,1,1,1.0,0.999352,0.999352,0.494169,0.99987,0.455173,0.0,0.0,0.565601,dio_005k|dio_1qnu,-,dio_005k|dio_1qnu,True,False,False,False,False,False,False,False,passive_raw_semantic_density,dio_semantic_island_30: rohe semantische Dichte ohne stabile Kernwirkung.
dio_semantic_island_44,raw_semantic_island,2,0,2,1,1,1.0,0.999352,0.999352,0.494169,0.99987,0.455173,0.0,0.0,0.565601,dio_10q6|dio_1yeo,-,dio_10q6|dio_1yeo,True,False,False,False,False,False,False,False,passive_raw_semantic_density,dio_semantic_island_44: rohe semantische Dichte ohne stabile Kernwirkung.
dio_semantic_island_34,raw_semantic_island,2,0,2,1,1,1.0,0.999298,0.999298,0.494159,0.99986,0.455168,0.0,0.0,0.565595,dio_0j8d|dio_1vg2,-,dio_0j8d|dio_1vg2,True,False,False,False,False,False,False,False,passive_raw_semantic_density,dio_semantic_island_34: rohe semantische Dichte ohne stabile Kernwirkung.
dio_semantic_island_42,raw_semantic_island,2,0,2,1,1,1.0,0.999226,0.999226,0.494146,0.999845,0.455161,0.0,0.0,0.565586,dio_0q96|dio_15lu,-,dio_0q96|dio_15lu,True,False,False,False,False,False,False,False,passive_raw_semantic_density,dio_semantic_island_42: rohe semantische Dichte ohne stabile Kernwirkung.
dio_semantic_island_32,raw_semantic_island,2,0,2,1,1,1.0,0.999205,0.999205,0.494143,0.999841,0.455159,0.0,0.0,0.565584,dio_03yz|dio_1q4u,-,dio_03yz|dio_1q4u,True,False,False,False,False,False,False,False,passive_raw_semantic_density,dio_semantic_island_32: rohe semantische Dichte ohne stabile Kernwirkung.
dio_semantic_island_47,raw_semantic_island,2,0,2,1,1,1.0,0.999175,0.999175,0.494137,0.999835,0.455156,0.0,0.0,0.56558,dio_169q|dio_16kq,-,dio_169q|dio_16kq,True,False,False,False,False,False,False,False,passive_raw_semantic_density,dio_semantic_island_47: rohe semantische Dichte ohne stabile Kernwirkung.
dio_semantic_island_100,isolated_trace,1,0,1,0,1,0.0,0.0,0.0,0.04,0.48,0.243333,1.0,0.0,0.539467,dio_0ni1,-,dio_0ni1,True,False,False,False,False,False,False,False,passive_fragmented_semantic_field,dio_semantic_island_100: fragmentiertes semantisches Feld; Naehe noch nicht gebunden.
dio_semantic_island_101,isolated_trace,1,0,1,0,1,0.0,0.0,0.0,0.04,0.48,0.243333,1.0,0.0,0.539467,dio_0nki,-,dio_0nki,True,False,False,False,False,False,False,False,passive_fragmented_semantic_field,dio_semantic_island_101: fragmentiertes semantisches Feld; Naehe noch nicht gebunden.
dio_semantic_island_102,isolated_trace,1,0,1,0,1,0.0,0.0,0.0,0.04,0.48,0.243333,1.0,0.0,0.539467,dio_0nmw,-,dio_0nmw,True,False,False,False,False,False,False,False,passive_fragmented_semantic_field,dio_semantic_island_102: fragmentiertes semantisches Feld; Naehe noch nicht gebunden.
dio_semantic_island_103,isolated_trace,1,0,1,0,1,0.0,0.0,0.0,0.04,0.48,0.243333,1.0,0.0,0.539467,dio_0nrp,-,dio_0nrp,True,False,False,False,False,False,False,False,passive_fragmented_semantic_field,dio_semantic_island_103: fragmentiertes semantisches Feld; Naehe noch nicht gebunden.
dio_semantic_island_104,isolated_trace,1,0,1,0,1,0.0,0.0,0.0,0.04,0.48,0.243333,1.0,0.0,0.539467,dio_0ocv,-,dio_0ocv,True,False,False,False,False,False,False,False,passive_fragmented_semantic_field,dio_semantic_island_104: fragmentiertes semantisches Feld; Naehe noch nicht gebunden.
dio_semantic_island_105,isolated_trace,1,0,1,0,1,0.0,0.0,0.0,0.04,0.48,0.243333,1.0,0.0,0.539467,dio_0pni,-,dio_0pni,True,False,False,False,False,False,False,False,passive_fragmented_semantic_field,dio_semantic_island_105: fragmentiertes semantisches Feld; Naehe noch nicht gebunden.
dio_semantic_island_106,isolated_trace,1,0,1,0,1,0.0,0.0,0.0,0.04,0.48,0.243333,1.0,0.0,0.539467,dio_0q3v,-,dio_0q3v,True,False,False,False,False,False,False,False,passive_fragmented_semantic_field,dio_semantic_island_106: fragmentiertes semantisches Feld; Naehe noch nicht gebunden.
dio_semantic_island_107,isolated_trace,1,0,1,0,1,0.0,0.0,0.0,0.04,0.48,0.243333,1.0,0.0,0.539467,dio_0qcz,-,dio_0qcz,True,False,False,False,False,False,False,False,passive_fragmented_semantic_field,dio_semantic_island_107: fragmentiertes semantisches Feld; Naehe noch nicht gebunden.
dio_semantic_island_108,isolated_trace,1,0,1,0,1,0.0,0.0,0.0,0.04,0.48,0.243333,1.0,0.0,0.539467,dio_0r29,-,dio_0r29,True,False,False,False,False,False,False,False,passive_fragmented_semantic_field,dio_semantic_island_108: fragmentiertes semantisches Feld; Naehe noch nicht gebunden.
dio_semantic_island_109,isolated_trace,1,0,1,0,1,0.0,0.0,0.0,0.04,0.48,0.243333,1.0,0.0,0.539467,dio_0r8l,-,dio_0r8l,True,False,False,False,False,False,False,False,passive_fragmented_semantic_field,dio_semantic_island_109: fragmentiertes semantisches Feld; Naehe noch nicht gebunden.
dio_semantic_island_110,isolated_trace,1,0,1,0,1,0.0,0.0,0.0,0.04,0.48,0.243333,1.0,0.0,0.539467,dio_0r90,-,dio_0r90,True,False,False,False,False,False,False,False,passive_fragmented_semantic_field,dio_semantic_island_110: fragmentiertes semantisches Feld; Naehe noch nicht gebunden.
dio_semantic_island_111,isolated_trace,1,0,1,0,1,0.0,0.0,0.0,0.04,0.48,0.243333,1.0,0.0,0.539467,dio_0rwa,-,dio_0rwa,True,False,False,False,False,False,False,False,passive_fragmented_semantic_field,dio_semantic_island_111: fragmentiertes semantisches Feld; Naehe noch nicht gebunden.
dio_semantic_island_112,isolated_trace,1,0,1,0,1,0.0,0.0,0.0,0.04,0.48,0.243333,1.0,0.0,0.539467,dio_0scd,-,dio_0scd,True,False,False,False,False,False,False,False,passive_fragmented_semantic_field,dio_semantic_island_112: fragmentiertes semantisches Feld; Naehe noch nicht gebunden.
dio_semantic_island_113,isolated_trace,1,0,1,0,1,0.0,0.0,0.0,0.04,0.48,0.243333,1.0,0.0,0.539467,dio_0sou,-,dio_0sou,True,False,False,False,False,False,False,False,passive_fragmented_semantic_field,dio_semantic_island_113: fragmentiertes semantisches Feld; Naehe noch nicht gebunden.
dio_semantic_island_114,isolated_trace,1,0,1,0,1,0.0,0.0,0.0,0.04,0.48,0.243333,1.0,0.0,0.539467,dio_0t27,-,dio_0t27,True,False,False,False,False,False,False,False,passive_fragmented_semantic_field,dio_semantic_island_114: fragmentiertes semantisches Feld; Naehe noch nicht gebunden.
dio_semantic_island_115,isolated_trace,1,0,1,0,1,0.0,0.0,0.0,0.04,0.48,0.243333,1.0,0.0,0.539467,dio_0trg,-,dio_0trg,True,False,False,False,False,False,False,False,passive_fragmented_semantic_field,dio_semantic_island_115: fragmentiertes semantisches Feld; Naehe noch nicht gebunden.
dio_semantic_island_116,isolated_trace,1,0,1,0,1,0.0,0.0,0.0,0.04,0.48,0.243333,1.0,0.0,0.539467,dio_0udt,-,dio_0udt,True,False,False,False,False,False,False,False,passive_fragmented_semantic_field,dio_semantic_island_116: fragmentiertes semantisches Feld; Naehe noch nicht gebunden.
dio_semantic_island_117,isolated_trace,1,0,1,0,1,0.0,0.0,0.0,0.04,0.48,0.243333,1.0,0.0,0.539467,dio_0ux0,-,dio_0ux0,True,False,False,False,False,False,False,False,passive_fragmented_semantic_field,dio_semantic_island_117: fragmentiertes semantisches Feld; Naehe noch nicht gebunden.
dio_semantic_island_118,isolated_trace,1,0,1,0,1,0.0,0.0,0.0,0.04,0.48,0.243333,1.0,0.0,0.539467,dio_0vn1,-,dio_0vn1,True,False,False,False,False,False,False,False,passive_fragmented_semantic_field,dio_semantic_island_118: fragmentiertes semantisches Feld; Naehe noch nicht gebunden.
dio_semantic_island_119,isolated_trace,1,0,1,0,1,0.0,0.0,0.0,0.04,0.48,0.243333,1.0,0.0,0.539467,dio_0w4x,-,dio_0w4x,True,False,False,False,False,False,False,False,passive_fragmented_semantic_field,dio_semantic_island_119: fragmentiertes semantisches Feld; Naehe noch nicht gebunden.
dio_semantic_island_120,isolated_trace,1,0,1,0,1,0.0,0.0,0.0,0.04,0.48,0.243333,1.0,0.0,0.539467,dio_0w8h,-,dio_0w8h,True,False,False,False,False,False,False,False,passive_fragmented_semantic_field,dio_semantic_island_120: fragmentiertes semantisches Feld; Naehe noch nicht gebunden.
dio_semantic_island_121,isolated_trace,1,0,1,0,1,0.0,0.0,0.0,0.04,0.48,0.243333,1.0,0.0,0.539467,dio_0wxw,-,dio_0wxw,True,False,False,False,False,False,False,False,passive_fragmented_semantic_field,dio_semantic_island_121: fragmentiertes semantisches Feld; Naehe noch nicht gebunden.
dio_semantic_island_122,isolated_trace,1,0,1,0,1,0.0,0.0,0.0,0.04,0.48,0.243333,1.0,0.0,0.539467,dio_0x5c,-,dio_0x5c,True,False,False,False,False,False,False,False,passive_fragmented_semantic_field,dio_semantic_island_122: fragmentiertes semantisches Feld; Naehe noch nicht gebunden.
dio_semantic_island_123,isolated_trace,1,0,1,0,1,0.0,0.0,0.0,0.04,0.48,0.243333,1.0,0.0,0.539467,dio_0zl6,-,dio_0zl6,True,False,False,False,False,False,False,False,passive_fragmented_semantic_field,dio_semantic_island_123: fragmentiertes semantisches Feld; Naehe noch nicht gebunden.
dio_semantic_island_124,isolated_trace,1,0,1,0,1,0.0,0.0,0.0,0.04,0.48,0.243333,1.0,0.0,0.539467,dio_0zoq,-,dio_0zoq,True,False,False,False,False,False,False,False,passive_fragmented_semantic_field,dio_semantic_island_124: fragmentiertes semantisches Feld; Naehe noch nicht gebunden.
dio_semantic_island_125,isolated_trace,1,0,1,0,1,0.0,0.0,0.0,0.04,0.48,0.243333,1.0,0.0,0.539467,dio_101r,-,dio_101r,True,False,False,False,False,False,False,False,passive_fragmented_semantic_field,dio_semantic_island_125: fragmentiertes semantisches Feld; Naehe noch nicht gebunden.
dio_semantic_island_126,isolated_trace,1,0,1,0,1,0.0,0.0,0.0,0.04,0.48,0.243333,1.0,0.0,0.539467,dio_106t,-,dio_106t,True,False,False,False,False,False,False,False,passive_fragmented_semantic_field,dio_semantic_island_126: fragmentiertes semantisches Feld; Naehe noch nicht gebunden.
dio_semantic_island_127,isolated_trace,1,0,1,0,1,0.0,0.0,0.0,0.04,0.48,0.243333,1.0,0.0,0.539467,dio_10ra,-,dio_10ra,True,False,False,False,False,False,False,False,passive_fragmented_semantic_field,dio_semantic_island_127: fragmentiertes semantisches Feld; Naehe noch nicht gebunden.
dio_semantic_island_128,isolated_trace,1,0,1,0,1,0.0,0.0,0.0,0.04,0.48,0.243333,1.0,0.0,0.539467,dio_11nj,-,dio_11nj,True,False,False,False,False,False,False,False,passive_fragmented_semantic_field,dio_semantic_island_128: fragmentiertes semantisches Feld; Naehe noch nicht gebunden.
dio_semantic_island_129,isolated_trace,1,0,1,0,1,0.0,0.0,0.0,0.04,0.48,0.243333,1.0,0.0,0.539467,dio_12xx,-,dio_12xx,True,False,False,False,False,False,False,False,passive_fragmented_semantic_field,dio_semantic_island_129: fragmentiertes semantisches Feld; Naehe noch nicht gebunden.
dio_semantic_island_130,isolated_trace,1,0,1,0,1,0.0,0.0,0.0,0.04,0.48,0.243333,1.0,0.0,0.539467,dio_13a8,-,dio_13a8,True,False,False,False,False,False,False,False,passive_fragmented_semantic_field,dio_semantic_island_130: fragmentiertes semantisches Feld; Naehe noch nicht gebunden.
dio_semantic_island_131,isolated_trace,1,0,1,0,1,0.0,0.0,0.0,0.04,0.48,0.243333,1.0,0.0,0.539467,dio_14ud,-,dio_14ud,True,False,False,False,False,False,False,False,passive_fragmented_semantic_field,dio_semantic_island_131: fragmentiertes semantisches Feld; Naehe noch nicht gebunden.
dio_semantic_island_132,isolated_trace,1,0,1,0,1,0.0,0.0,0.0,0.04,0.48,0.243333,1.0,0.0,0.539467,dio_15hw,-,dio_15hw,True,False,False,False,False,False,False,False,passive_fragmented_semantic_field,dio_semantic_island_132: fragmentiertes semantisches Feld; Naehe noch nicht gebunden.
dio_semantic_island_133,isolated_trace,1,0,1,0,1,0.0,0.0,0.0,0.04,0.48,0.243333,1.0,0.0,0.539467,dio_1635,-,dio_1635,True,False,False,False,False,False,False,False,passive_fragmented_semantic_field,dio_semantic_island_133: fragmentiertes semantisches Feld; Naehe noch nicht gebunden.
dio_semantic_island_134,isolated_trace,1,0,1,0,1,0.0,0.0,0.0,0.04,0.48,0.243333,1.0,0.0,0.539467,dio_1667,-,dio_1667,True,False,False,False,False,False,False,False,passive_fragmented_semantic_field,dio_semantic_island_134: fragmentiertes semantisches Feld; Naehe noch nicht gebunden.
dio_semantic_island_135,isolated_trace,1,0,1,0,1,0.0,0.0,0.0,0.04,0.48,0.243333,1.0,0.0,0.539467,dio_16hf,-,dio_16hf,True,False,False,False,False,False,False,False,passive_fragmented_semantic_field,dio_semantic_island_135: fragmentiertes semantisches Feld; Naehe noch nicht gebunden.
dio_semantic_island_136,isolated_trace,1,0,1,0,1,0.0,0.0,0.0,0.04,0.48,0.243333,1.0,0.0,0.539467,dio_16rf,-,dio_16rf,True,False,False,False,False,False,False,False,passive_fragmented_semantic_field,dio_semantic_island_136: fragmentiertes semantisches Feld; Naehe noch nicht gebunden.
dio_semantic_island_137,isolated_trace,1,0,1,0,1,0.0,0.0,0.0,0.04,0.48,0.243333,1.0,0.0,0.539467,dio_16y1,-,dio_16y1,True,False,False,False,False,False,False,False,passive_fragmented_semantic_field,dio_semantic_island_137: fragmentiertes semantisches Feld; Naehe noch nicht gebunden.
dio_semantic_island_138,isolated_trace,1,0,1,0,1,0.0,0.0,0.0,0.04,0.48,0.243333,1.0,0.0,0.539467,dio_175v,-,dio_175v,True,False,False,False,False,False,False,False,passive_fragmented_semantic_field,dio_semantic_island_138: fragmentiertes semantisches Feld; Naehe noch nicht gebunden.
dio_semantic_island_139,isolated_trace,1,0,1,0,1,0.0,0.0,0.0,0.04,0.48,0.243333,1.0,0.0,0.539467,dio_17jb,-,dio_17jb,True,False,False,False,False,False,False,False,passive_fragmented_semantic_field,dio_semantic_island_139: fragmentiertes semantisches Feld; Naehe noch nicht gebunden.
dio_semantic_island_140,isolated_trace,1,0,1,0,1,0.0,0.0,0.0,0.04,0.48,0.243333,1.0,0.0,0.539467,dio_17ny,-,dio_17ny,True,False,False,False,False,False,False,False,passive_fragmented_semantic_field,dio_semantic_island_140: fragmentiertes semantisches Feld; Naehe noch nicht gebunden.
dio_semantic_island_141,isolated_trace,1,0,1,0,1,0.0,0.0,0.0,0.04,0.48,0.243333,1.0,0.0,0.539467,dio_17x0,-,dio_17x0,True,False,False,False,False,False,False,False,passive_fragmented_semantic_field,dio_semantic_island_141: fragmentiertes semantisches Feld; Naehe noch nicht gebunden.
dio_semantic_island_142,isolated_trace,1,0,1,0,1,0.0,0.0,0.0,0.04,0.48,0.243333,1.0,0.0,0.539467,dio_184u,-,dio_184u,True,False,False,False,False,False,False,False,passive_fragmented_semantic_field,dio_semantic_island_142: fragmentiertes semantisches Feld; Naehe noch nicht gebunden.
dio_semantic_island_143,isolated_trace,1,0,1,0,1,0.0,0.0,0.0,0.04,0.48,0.243333,1.0,0.0,0.539467,dio_19b6,-,dio_19b6,True,False,False,False,False,False,False,False,passive_fragmented_semantic_field,dio_semantic_island_143: fragmentiertes semantisches Feld; Naehe noch nicht gebunden.
dio_semantic_island_144,isolated_trace,1,0,1,0,1,0.0,0.0,0.0,0.04,0.48,0.243333,1.0,0.0,0.539467,dio_19bg,-,dio_19bg,True,False,False,False,False,False,False,False,passive_fragmented_semantic_field,dio_semantic_island_144: fragmentiertes semantisches Feld; Naehe noch nicht gebunden.
dio_semantic_island_145,isolated_trace,1,0,1,0,1,0.0,0.0,0.0,0.04,0.48,0.243333,1.0,0.0,0.539467,dio_19v2,-,dio_19v2,True,False,False,False,False,False,False,False,passive_fragmented_semantic_field,dio_semantic_island_145: fragmentiertes semantisches Feld; Naehe noch nicht gebunden.
dio_semantic_island_146,isolated_trace,1,0,1,0,1,0.0,0.0,0.0,0.04,0.48,0.243333,1.0,0.0,0.539467,dio_1a1w,-,dio_1a1w,True,False,False,False,False,False,False,False,passive_fragmented_semantic_field,dio_semantic_island_146: fragmentiertes semantisches Feld; Naehe noch nicht gebunden.
dio_semantic_island_147,isolated_trace,1,0,1,0,1,0.0,0.0,0.0,0.04,0.48,0.243333,1.0,0.0,0.539467,dio_1abl,-,dio_1abl,True,False,False,False,False,False,False,False,passive_fragmented_semantic_field,dio_semantic_island_147: fragmentiertes semantisches Feld; Naehe noch nicht gebunden.
dio_semantic_island_148,isolated_trace,1,0,1,0,1,0.0,0.0,0.0,0.04,0.48,0.243333,1.0,0.0,0.539467,dio_1are,-,dio_1are,True,False,False,False,False,False,False,False,passive_fragmented_semantic_field,dio_semantic_island_148: fragmentiertes semantisches Feld; Naehe noch nicht gebunden.
dio_semantic_island_149,isolated_trace,1,0,1,0,1,0.0,0.0,0.0,0.04,0.48,0.243333,1.0,0.0,0.539467,dio_1b5c,-,dio_1b5c,True,False,False,False,False,False,False,False,passive_fragmented_semantic_field,dio_semantic_island_149: fragmentiertes semantisches Feld; Naehe noch nicht gebunden.
dio_semantic_island_150,isolated_trace,1,0,1,0,1,0.0,0.0,0.0,0.04,0.48,0.243333,1.0,0.0,0.539467,dio_1c4a,-,dio_1c4a,True,False,False,False,False,False,False,False,passive_fragmented_semantic_field,dio_semantic_island_150: fragmentiertes semantisches Feld; Naehe noch nicht gebunden.
dio_semantic_island_151,isolated_trace,1,0,1,0,1,0.0,0.0,0.0,0.04,0.48,0.243333,1.0,0.0,0.539467,dio_1chc,-,dio_1chc,True,False,False,False,False,False,False,False,passive_fragmented_semantic_field,dio_semantic_island_151: fragmentiertes semantisches Feld; Naehe noch nicht gebunden.
dio_semantic_island_152,isolated_trace,1,0,1,0,1,0.0,0.0,0.0,0.04,0.48,0.243333,1.0,0.0,0.539467,dio_1cmt,-,dio_1cmt,True,False,False,False,False,False,False,False,passive_fragmented_semantic_field,dio_semantic_island_152: fragmentiertes semantisches Feld; Naehe noch nicht gebunden.
dio_semantic_island_153,isolated_trace,1,0,1,0,1,0.0,0.0,0.0,0.04,0.48,0.243333,1.0,0.0,0.539467,dio_1dra,-,dio_1dra,True,False,False,False,False,False,False,False,passive_fragmented_semantic_field,dio_semantic_island_153: fragmentiertes semantisches Feld; Naehe noch nicht gebunden.
dio_semantic_island_154,isolated_trace,1,0,1,0,1,0.0,0.0,0.0,0.04,0.48,0.243333,1.0,0.0,0.539467,dio_1e9s,-,dio_1e9s,True,False,False,False,False,False,False,False,passive_fragmented_semantic_field,dio_semantic_island_154: fragmentiertes semantisches Feld; Naehe noch nicht gebunden.
dio_semantic_island_155,isolated_trace,1,0,1,0,1,0.0,0.0,0.0,0.04,0.48,0.243333,1.0,0.0,0.539467,dio_1eaf,-,dio_1eaf,True,False,False,False,False,False,False,False,passive_fragmented_semantic_field,dio_semantic_island_155: fragmentiertes semantisches Feld; Naehe noch nicht gebunden.
dio_semantic_island_156,isolated_trace,1,0,1,0,1,0.0,0.0,0.0,0.04,0.48,0.243333,1.0,0.0,0.539467,dio_1exx,-,dio_1exx,True,False,False,False,False,False,False,False,passive_fragmented_semantic_field,dio_semantic_island_156: fragmentiertes semantisches Feld; Naehe noch nicht gebunden.
dio_semantic_island_157,isolated_trace,1,0,1,0,1,0.0,0.0,0.0,0.04,0.48,0.243333,1.0,0.0,0.539467,dio_1fck,-,dio_1fck,True,False,False,False,False,False,False,False,passive_fragmented_semantic_field,dio_semantic_island_157: fragmentiertes semantisches Feld; Naehe noch nicht gebunden.
dio_semantic_island_158,isolated_trace,1,0,1,0,1,0.0,0.0,0.0,0.04,0.48,0.243333,1.0,0.0,0.539467,dio_1fz7,-,dio_1fz7,True,False,False,False,False,False,False,False,passive_fragmented_semantic_field,dio_semantic_island_158: fragmentiertes semantisches Feld; Naehe noch nicht gebunden.
dio_semantic_island_159,isolated_trace,1,0,1,0,1,0.0,0.0,0.0,0.04,0.48,0.243333,1.0,0.0,0.539467,dio_1g16,-,dio_1g16,True,False,False,False,False,False,False,False,passive_fragmented_semantic_field,dio_semantic_island_159: fragmentiertes semantisches Feld; Naehe noch nicht gebunden.
dio_semantic_island_160,isolated_trace,1,0,1,0,1,0.0,0.0,0.0,0.04,0.48,0.243333,1.0,0.0,0.539467,dio_1g2y,-,dio_1g2y,True,False,False,False,False,False,False,False,passive_fragmented_semantic_field,dio_semantic_island_160: fragmentiertes semantisches Feld; Naehe noch nicht gebunden.
dio_semantic_island_161,isolated_trace,1,0,1,0,1,0.0,0.0,0.0,0.04,0.48,0.243333,1.0,0.0,0.539467,dio_1h0p,-,dio_1h0p,True,False,False,False,False,False,False,False,passive_fragmented_semantic_field,dio_semantic_island_161: fragmentiertes semantisches Feld; Naehe noch nicht gebunden.
dio_semantic_island_162,isolated_trace,1,0,1,0,1,0.0,0.0,0.0,0.04,0.48,0.243333,1.0,0.0,0.539467,dio_1jba,-,dio_1jba,True,False,False,False,False,False,False,False,passive_fragmented_semantic_field,dio_semantic_island_162: fragmentiertes semantisches Feld; Naehe noch nicht gebunden.
dio_semantic_island_163,isolated_trace,1,0,1,0,1,0.0,0.0,0.0,0.04,0.48,0.243333,1.0,0.0,0.539467,dio_1jxw,-,dio_1jxw,True,False,False,False,False,False,False,False,passive_fragmented_semantic_field,dio_semantic_island_163: fragmentiertes semantisches Feld; Naehe noch nicht gebunden.
dio_semantic_island_164,isolated_trace,1,0,1,0,1,0.0,0.0,0.0,0.04,0.48,0.243333,1.0,0.0,0.539467,dio_1k10,-,dio_1k10,True,False,False,False,False,False,False,False,passive_fragmented_semantic_field,dio_semantic_island_164: fragmentiertes semantisches Feld; Naehe noch nicht gebunden.
dio_semantic_island_165,isolated_trace,1,0,1,0,1,0.0,0.0,0.0,0.04,0.48,0.243333,1.0,0.0,0.539467,dio_1l7z,-,dio_1l7z,True,False,False,False,False,False,False,False,passive_fragmented_semantic_field,dio_semantic_island_165: fragmentiertes semantisches Feld; Naehe noch nicht gebunden.
dio_semantic_island_166,isolated_trace,1,0,1,0,1,0.0,0.0,0.0,0.04,0.48,0.243333,1.0,0.0,0.539467,dio_1lji,-,dio_1lji,True,False,False,False,False,False,False,False,passive_fragmented_semantic_field,dio_semantic_island_166: fragmentiertes semantisches Feld; Naehe noch nicht gebunden.
dio_semantic_island_167,isolated_trace,1,0,1,0,1,0.0,0.0,0.0,0.04,0.48,0.243333,1.0,0.0,0.539467,dio_1ll2,-,dio_1ll2,True,False,False,False,False,False,False,False,passive_fragmented_semantic_field,dio_semantic_island_167: fragmentiertes semantisches Feld; Naehe noch nicht gebunden.
dio_semantic_island_168,isolated_trace,1,0,1,0,1,0.0,0.0,0.0,0.04,0.48,0.243333,1.0,0.0,0.539467,dio_1n2r,-,dio_1n2r,True,False,False,False,False,False,False,False,passive_fragmented_semantic_field,dio_semantic_island_168: fragmentiertes semantisches Feld; Naehe noch nicht gebunden.
dio_semantic_island_169,isolated_trace,1,0,1,0,1,0.0,0.0,0.0,0.04,0.48,0.243333,1.0,0.0,0.539467,dio_1ndv,-,dio_1ndv,True,False,False,False,False,False,False,False,passive_fragmented_semantic_field,dio_semantic_island_169: fragmentiertes semantisches Feld; Naehe noch nicht gebunden.
dio_semantic_island_170,isolated_trace,1,0,1,0,1,0.0,0.0,0.0,0.04,0.48,0.243333,1.0,0.0,0.539467,dio_1nkk,-,dio_1nkk,True,False,False,False,False,False,False,False,passive_fragmented_semantic_field,dio_semantic_island_170: fragmentiertes semantisches Feld; Naehe noch nicht gebunden.
dio_semantic_island_171,isolated_trace,1,0,1,0,1,0.0,0.0,0.0,0.04,0.48,0.243333,1.0,0.0,0.539467,dio_1nwc,-,dio_1nwc,True,False,False,False,False,False,False,False,passive_fragmented_semantic_field,dio_semantic_island_171: fragmentiertes semantisches Feld; Naehe noch nicht gebunden.
dio_semantic_island_172,isolated_trace,1,0,1,0,1,0.0,0.0,0.0,0.04,0.48,0.243333,1.0,0.0,0.539467,dio_1obx,-,dio_1obx,True,False,False,False,False,False,False,False,passive_fragmented_semantic_field,dio_semantic_island_172: fragmentiertes semantisches Feld; Naehe noch nicht gebunden.
dio_semantic_island_173,isolated_trace,1,0,1,0,1,0.0,0.0,0.0,0.04,0.48,0.243333,1.0,0.0,0.539467,dio_1pvx,-,dio_1pvx,True,False,False,False,False,False,False,False,passive_fragmented_semantic_field,dio_semantic_island_173: fragmentiertes semantisches Feld; Naehe noch nicht gebunden.
dio_semantic_island_174,isolated_trace,1,0,1,0,1,0.0,0.0,0.0,0.04,0.48,0.243333,1.0,0.0,0.539467,dio_1qaq,-,dio_1qaq,True,False,False,False,False,False,False,False,passive_fragmented_semantic_field,dio_semantic_island_174: fragmentiertes semantisches Feld; Naehe noch nicht gebunden.
dio_semantic_island_175,isolated_trace,1,0,1,0,1,0.0,0.0,0.0,0.04,0.48,0.243333,1.0,0.0,0.539467,dio_1qs4,-,dio_1qs4,True,False,False,False,False,False,False,False,passive_fragmented_semantic_field,dio_semantic_island_175: fragmentiertes semantisches Feld; Naehe noch nicht gebunden.
dio_semantic_island_176,isolated_trace,1,0,1,0,1,0.0,0.0,0.0,0.04,0.48,0.243333,1.0,0.0,0.539467,dio_1qt4,-,dio_1qt4,True,False,False,False,False,False,False,False,passive_fragmented_semantic_field,dio_semantic_island_176: fragmentiertes semantisches Feld; Naehe noch nicht gebunden.
dio_semantic_island_177,isolated_trace,1,0,1,0,1,0.0,0.0,0.0,0.04,0.48,0.243333,1.0,0.0,0.539467,dio_1qyi,-,dio_1qyi,True,False,False,False,False,False,False,False,passive_fragmented_semantic_field,dio_semantic_island_177: fragmentiertes semantisches Feld; Naehe noch nicht gebunden.
dio_semantic_island_178,isolated_trace,1,0,1,0,1,0.0,0.0,0.0,0.04,0.48,0.243333,1.0,0.0,0.539467,dio_1s8p,-,dio_1s8p,True,False,False,False,False,False,False,False,passive_fragmented_semantic_field,dio_semantic_island_178: fragmentiertes semantisches Feld; Naehe noch nicht gebunden.
dio_semantic_island_179,isolated_trace,1,0,1,0,1,0.0,0.0,0.0,0.04,0.48,0.243333,1.0,0.0,0.539467,dio_1s9i,-,dio_1s9i,True,False,False,False,False,False,False,False,passive_fragmented_semantic_field,dio_semantic_island_179: fragmentiertes semantisches Feld; Naehe noch nicht gebunden.
dio_semantic_island_180,isolated_trace,1,0,1,0,1,0.0,0.0,0.0,0.04,0.48,0.243333,1.0,0.0,0.539467,dio_1si6,-,dio_1si6,True,False,False,False,False,False,False,False,passive_fragmented_semantic_field,dio_semantic_island_180: fragmentiertes semantisches Feld; Naehe noch nicht gebunden.
dio_semantic_island_181,isolated_trace,1,0,1,0,1,0.0,0.0,0.0,0.04,0.48,0.243333,1.0,0.0,0.539467,dio_1t2m,-,dio_1t2m,True,False,False,False,False,False,False,False,passive_fragmented_semantic_field,dio_semantic_island_181: fragmentiertes semantisches Feld; Naehe noch nicht gebunden.
dio_semantic_island_182,isolated_trace,1,0,1,0,1,0.0,0.0,0.0,0.04,0.48,0.243333,1.0,0.0,0.539467,dio_1t9x,-,dio_1t9x,True,False,False,False,False,False,False,False,passive_fragmented_semantic_field,dio_semantic_island_182: fragmentiertes semantisches Feld; Naehe noch nicht gebunden.
dio_semantic_island_183,isolated_trace,1,0,1,0,1,0.0,0.0,0.0,0.04,0.48,0.243333,1.0,0.0,0.539467,dio_1tdk,-,dio_1tdk,True,False,False,False,False,False,False,False,passive_fragmented_semantic_field,dio_semantic_island_183: fragmentiertes semantisches Feld; Naehe noch nicht gebunden.
dio_semantic_island_184,isolated_trace,1,0,1,0,1,0.0,0.0,0.0,0.04,0.48,0.243333,1.0,0.0,0.539467,dio_1tjm,-,dio_1tjm,True,False,False,False,False,False,False,False,passive_fragmented_semantic_field,dio_semantic_island_184: fragmentiertes semantisches Feld; Naehe noch nicht gebunden.
dio_semantic_island_185,isolated_trace,1,0,1,0,1,0.0,0.0,0.0,0.04,0.48,0.243333,1.0,0.0,0.539467,dio_1u5g,-,dio_1u5g,True,False,False,False,False,False,False,False,passive_fragmented_semantic_field,dio_semantic_island_185: fragmentiertes semantisches Feld; Naehe noch nicht gebunden.
dio_semantic_island_186,isolated_trace,1,0,1,0,1,0.0,0.0,0.0,0.04,0.48,0.243333,1.0,0.0,0.539467,dio_1ull,-,dio_1ull,True,False,False,False,False,False,False,False,passive_fragmented_semantic_field,dio_semantic_island_186: fragmentiertes semantisches Feld; Naehe noch nicht gebunden.
dio_semantic_island_187,isolated_trace,1,0,1,0,1,0.0,0.0,0.0,0.04,0.48,0.243333,1.0,0.0,0.539467,dio_1v9d,-,dio_1v9d,True,False,False,False,False,False,False,False,passive_fragmented_semantic_field,dio_semantic_island_187: fragmentiertes semantisches Feld; Naehe noch nicht gebunden.
dio_semantic_island_188,isolated_trace,1,0,1,0,1,0.0,0.0,0.0,0.04,0.48,0.243333,1.0,0.0,0.539467,dio_1vac,-,dio_1vac,True,False,False,False,False,False,False,False,passive_fragmented_semantic_field,dio_semantic_island_188: fragmentiertes semantisches Feld; Naehe noch nicht gebunden.
dio_semantic_island_189,isolated_trace,1,0,1,0,1,0.0,0.0,0.0,0.04,0.48,0.243333,1.0,0.0,0.539467,dio_1vz0,-,dio_1vz0,True,False,False,False,False,False,False,False,passive_fragmented_semantic_field,dio_semantic_island_189: fragmentiertes semantisches Feld; Naehe noch nicht gebunden.
dio_semantic_island_190,isolated_trace,1,0,1,0,1,0.0,0.0,0.0,0.04,0.48,0.243333,1.0,0.0,0.539467,dio_1wja,-,dio_1wja,True,False,False,False,False,False,False,False,passive_fragmented_semantic_field,dio_semantic_island_190: fragmentiertes semantisches Feld; Naehe noch nicht gebunden.
dio_semantic_island_191,isolated_trace,1,0,1,0,1,0.0,0.0,0.0,0.04,0.48,0.243333,1.0,0.0,0.539467,dio_1wnl,-,dio_1wnl,True,False,False,False,False,False,False,False,passive_fragmented_semantic_field,dio_semantic_island_191: fragmentiertes semantisches Feld; Naehe noch nicht gebunden.
dio_semantic_island_192,isolated_trace,1,0,1,0,1,0.0,0.0,0.0,0.04,0.48,0.243333,1.0,0.0,0.539467,dio_1wx6,-,dio_1wx6,True,False,False,False,False,False,False,False,passive_fragmented_semantic_field,dio_semantic_island_192: fragmentiertes semantisches Feld; Naehe noch nicht gebunden.
dio_semantic_island_193,isolated_trace,1,0,1,0,1,0.0,0.0,0.0,0.04,0.48,0.243333,1.0,0.0,0.539467,dio_1xc7,-,dio_1xc7,True,False,False,False,False,False,False,False,passive_fragmented_semantic_field,dio_semantic_island_193: fragmentiertes semantisches Feld; Naehe noch nicht gebunden.
dio_semantic_island_194,isolated_trace,1,0,1,0,1,0.0,0.0,0.0,0.04,0.48,0.243333,1.0,0.0,0.539467,dio_1xfl,-,dio_1xfl,True,False,False,False,False,False,False,False,passive_fragmented_semantic_field,dio_semantic_island_194: fragmentiertes semantisches Feld; Naehe noch nicht gebunden.
dio_semantic_island_195,isolated_trace,1,0,1,0,1,0.0,0.0,0.0,0.04,0.48,0.243333,1.0,0.0,0.539467,dio_1xka,-,dio_1xka,True,False,False,False,False,False,False,False,passive_fragmented_semantic_field,dio_semantic_island_195: fragmentiertes semantisches Feld; Naehe noch nicht gebunden.
dio_semantic_island_196,isolated_trace,1,0,1,0,1,0.0,0.0,0.0,0.04,0.48,0.243333,1.0,0.0,0.539467,dio_1xvd,-,dio_1xvd,True,False,False,False,False,False,False,False,passive_fragmented_semantic_field,dio_semantic_island_196: fragmentiertes semantisches Feld; Naehe noch nicht gebunden.
dio_semantic_island_197,isolated_trace,1,0,1,0,1,0.0,0.0,0.0,0.04,0.48,0.243333,1.0,0.0,0.539467,dio_1ygj,-,dio_1ygj,True,False,False,False,False,False,False,False,passive_fragmented_semantic_field,dio_semantic_island_197: fragmentiertes semantisches Feld; Naehe noch nicht gebunden.
dio_semantic_island_54,isolated_trace,1,0,1,0,1,0.0,0.0,0.0,0.04,0.48,0.243333,1.0,0.0,0.539467,dio_00r9,-,dio_00r9,True,False,False,False,False,False,False,False,passive_fragmented_semantic_field,dio_semantic_island_54: fragmentiertes semantisches Feld; Naehe noch nicht gebunden.
dio_semantic_island_55,isolated_trace,1,0,1,0,1,0.0,0.0,0.0,0.04,0.48,0.243333,1.0,0.0,0.539467,dio_0120,-,dio_0120,True,False,False,False,False,False,False,False,passive_fragmented_semantic_field,dio_semantic_island_55: fragmentiertes semantisches Feld; Naehe noch nicht gebunden.
dio_semantic_island_56,isolated_trace,1,0,1,0,1,0.0,0.0,0.0,0.04,0.48,0.243333,1.0,0.0,0.539467,dio_01px,-,dio_01px,True,False,False,False,False,False,False,False,passive_fragmented_semantic_field,dio_semantic_island_56: fragmentiertes semantisches Feld; Naehe noch nicht gebunden.
dio_semantic_island_57,isolated_trace,1,0,1,0,1,0.0,0.0,0.0,0.04,0.48,0.243333,1.0,0.0,0.539467,dio_01sj,-,dio_01sj,True,False,False,False,False,False,False,False,passive_fragmented_semantic_field,dio_semantic_island_57: fragmentiertes semantisches Feld; Naehe noch nicht gebunden.
dio_semantic_island_58,isolated_trace,1,0,1,0,1,0.0,0.0,0.0,0.04,0.48,0.243333,1.0,0.0,0.539467,dio_02y8,-,dio_02y8,True,False,False,False,False,False,False,False,passive_fragmented_semantic_field,dio_semantic_island_58: fragmentiertes semantisches Feld; Naehe noch nicht gebunden.
dio_semantic_island_59,isolated_trace,1,0,1,0,1,0.0,0.0,0.0,0.04,0.48,0.243333,1.0,0.0,0.539467,dio_03sc,-,dio_03sc,True,False,False,False,False,False,False,False,passive_fragmented_semantic_field,dio_semantic_island_59: fragmentiertes semantisches Feld; Naehe noch nicht gebunden.
dio_semantic_island_60,isolated_trace,1,0,1,0,1,0.0,0.0,0.0,0.04,0.48,0.243333,1.0,0.0,0.539467,dio_05cu,-,dio_05cu,True,False,False,False,False,False,False,False,passive_fragmented_semantic_field,dio_semantic_island_60: fragmentiertes semantisches Feld; Naehe noch nicht gebunden.
dio_semantic_island_61,isolated_trace,1,0,1,0,1,0.0,0.0,0.0,0.04,0.48,0.243333,1.0,0.0,0.539467,dio_05e5,-,dio_05e5,True,False,False,False,False,False,False,False,passive_fragmented_semantic_field,dio_semantic_island_61: fragmentiertes semantisches Feld; Naehe noch nicht gebunden.
dio_semantic_island_62,isolated_trace,1,0,1,0,1,0.0,0.0,0.0,0.04,0.48,0.243333,1.0,0.0,0.539467,dio_05ws,-,dio_05ws,True,False,False,False,False,False,False,False,passive_fragmented_semantic_field,dio_semantic_island_62: fragmentiertes semantisches Feld; Naehe noch nicht gebunden.
dio_semantic_island_63,isolated_trace,1,0,1,0,1,0.0,0.0,0.0,0.04,0.48,0.243333,1.0,0.0,0.539467,dio_05xk,-,dio_05xk,True,False,False,False,False,False,False,False,passive_fragmented_semantic_field,dio_semantic_island_63: fragmentiertes semantisches Feld; Naehe noch nicht gebunden.
dio_semantic_island_64,isolated_trace,1,0,1,0,1,0.0,0.0,0.0,0.04,0.48,0.243333,1.0,0.0,0.539467,dio_06b8,-,dio_06b8,True,False,False,False,False,False,False,False,passive_fragmented_semantic_field,dio_semantic_island_64: fragmentiertes semantisches Feld; Naehe noch nicht gebunden.
dio_semantic_island_65,isolated_trace,1,0,1,0,1,0.0,0.0,0.0,0.04,0.48,0.243333,1.0,0.0,0.539467,dio_06cx,-,dio_06cx,True,False,False,False,False,False,False,False,passive_fragmented_semantic_field,dio_semantic_island_65: fragmentiertes semantisches Feld; Naehe noch nicht gebunden.
dio_semantic_island_66,isolated_trace,1,0,1,0,1,0.0,0.0,0.0,0.04,0.48,0.243333,1.0,0.0,0.539467,dio_06gy,-,dio_06gy,True,False,False,False,False,False,False,False,passive_fragmented_semantic_field,dio_semantic_island_66: fragmentiertes semantisches Feld; Naehe noch nicht gebunden.
dio_semantic_island_67,isolated_trace,1,0,1,0,1,0.0,0.0,0.0,0.04,0.48,0.243333,1.0,0.0,0.539467,dio_06jl,-,dio_06jl,True,False,False,False,False,False,False,False,passive_fragmented_semantic_field,dio_semantic_island_67: fragmentiertes semantisches Feld; Naehe noch nicht gebunden.
dio_semantic_island_68,isolated_trace,1,0,1,0,1,0.0,0.0,0.0,0.04,0.48,0.243333,1.0,0.0,0.539467,dio_07mb,-,dio_07mb,True,False,False,False,False,False,False,False,passive_fragmented_semantic_field,dio_semantic_island_68: fragmentiertes semantisches Feld; Naehe noch nicht gebunden.
dio_semantic_island_69,isolated_trace,1,0,1,0,1,0.0,0.0,0.0,0.04,0.48,0.243333,1.0,0.0,0.539467,dio_07t9,-,dio_07t9,True,False,False,False,False,False,False,False,passive_fragmented_semantic_field,dio_semantic_island_69: fragmentiertes semantisches Feld; Naehe noch nicht gebunden.
dio_semantic_island_70,isolated_trace,1,0,1,0,1,0.0,0.0,0.0,0.04,0.48,0.243333,1.0,0.0,0.539467,dio_080e,-,dio_080e,True,False,False,False,False,False,False,False,passive_fragmented_semantic_field,dio_semantic_island_70: fragmentiertes semantisches Feld; Naehe noch nicht gebunden.
dio_semantic_island_71,isolated_trace,1,0,1,0,1,0.0,0.0,0.0,0.04,0.48,0.243333,1.0,0.0,0.539467,dio_0892,-,dio_0892,True,False,False,False,False,False,False,False,passive_fragmented_semantic_field,dio_semantic_island_71: fragmentiertes semantisches Feld; Naehe noch nicht gebunden.
dio_semantic_island_72,isolated_trace,1,0,1,0,1,0.0,0.0,0.0,0.04,0.48,0.243333,1.0,0.0,0.539467,dio_091t,-,dio_091t,True,False,False,False,False,False,False,False,passive_fragmented_semantic_field,dio_semantic_island_72: fragmentiertes semantisches Feld; Naehe noch nicht gebunden.
dio_semantic_island_73,isolated_trace,1,0,1,0,1,0.0,0.0,0.0,0.04,0.48,0.243333,1.0,0.0,0.539467,dio_09tm,-,dio_09tm,True,False,False,False,False,False,False,False,passive_fragmented_semantic_field,dio_semantic_island_73: fragmentiertes semantisches Feld; Naehe noch nicht gebunden.
dio_semantic_island_74,isolated_trace,1,0,1,0,1,0.0,0.0,0.0,0.04,0.48,0.243333,1.0,0.0,0.539467,dio_0a7t,-,dio_0a7t,True,False,False,False,False,False,False,False,passive_fragmented_semantic_field,dio_semantic_island_74: fragmentiertes semantisches Feld; Naehe noch nicht gebunden.
dio_semantic_island_75,isolated_trace,1,0,1,0,1,0.0,0.0,0.0,0.04,0.48,0.243333,1.0,0.0,0.539467,dio_0ar8,-,dio_0ar8,True,False,False,False,False,False,False,False,passive_fragmented_semantic_field,dio_semantic_island_75: fragmentiertes semantisches Feld; Naehe noch nicht gebunden.
dio_semantic_island_76,isolated_trace,1,0,1,0,1,0.0,0.0,0.0,0.04,0.48,0.243333,1.0,0.0,0.539467,dio_0avw,-,dio_0avw,True,False,False,False,False,False,False,False,passive_fragmented_semantic_field,dio_semantic_island_76: fragmentiertes semantisches Feld; Naehe noch nicht gebunden.
dio_semantic_island_77,isolated_trace,1,0,1,0,1,0.0,0.0,0.0,0.04,0.48,0.243333,1.0,0.0,0.539467,dio_0b2b,-,dio_0b2b,True,False,False,False,False,False,False,False,passive_fragmented_semantic_field,dio_semantic_island_77: fragmentiertes semantisches Feld; Naehe noch nicht gebunden.
dio_semantic_island_78,isolated_trace,1,0,1,0,1,0.0,0.0,0.0,0.04,0.48,0.243333,1.0,0.0,0.539467,dio_0bm2,-,dio_0bm2,True,False,False,False,False,False,False,False,passive_fragmented_semantic_field,dio_semantic_island_78: fragmentiertes semantisches Feld; Naehe noch nicht gebunden.
dio_semantic_island_79,isolated_trace,1,0,1,0,1,0.0,0.0,0.0,0.04,0.48,0.243333,1.0,0.0,0.539467,dio_0ce4,-,dio_0ce4,True,False,False,False,False,False,False,False,passive_fragmented_semantic_field,dio_semantic_island_79: fragmentiertes semantisches Feld; Naehe noch nicht gebunden.
dio_semantic_island_80,isolated_trace,1,0,1,0,1,0.0,0.0,0.0,0.04,0.48,0.243333,1.0,0.0,0.539467,dio_0e02,-,dio_0e02,True,False,False,False,False,False,False,False,passive_fragmented_semantic_field,dio_semantic_island_80: fragmentiertes semantisches Feld; Naehe noch nicht gebunden.
dio_semantic_island_81,isolated_trace,1,0,1,0,1,0.0,0.0,0.0,0.04,0.48,0.243333,1.0,0.0,0.539467,dio_0e37,-,dio_0e37,True,False,False,False,False,False,False,False,passive_fragmented_semantic_field,dio_semantic_island_81: fragmentiertes semantisches Feld; Naehe noch nicht gebunden.
dio_semantic_island_82,isolated_trace,1,0,1,0,1,0.0,0.0,0.0,0.04,0.48,0.243333,1.0,0.0,0.539467,dio_0eeh,-,dio_0eeh,True,False,False,False,False,False,False,False,passive_fragmented_semantic_field,dio_semantic_island_82: fragmentiertes semantisches Feld; Naehe noch nicht gebunden.
dio_semantic_island_83,isolated_trace,1,0,1,0,1,0.0,0.0,0.0,0.04,0.48,0.243333,1.0,0.0,0.539467,dio_0ehw,-,dio_0ehw,True,False,False,False,False,False,False,False,passive_fragmented_semantic_field,dio_semantic_island_83: fragmentiertes semantisches Feld; Naehe noch nicht gebunden.
dio_semantic_island_84,isolated_trace,1,0,1,0,1,0.0,0.0,0.0,0.04,0.48,0.243333,1.0,0.0,0.539467,dio_0eq2,-,dio_0eq2,True,False,False,False,False,False,False,False,passive_fragmented_semantic_field,dio_semantic_island_84: fragmentiertes semantisches Feld; Naehe noch nicht gebunden.
dio_semantic_island_85,isolated_trace,1,0,1,0,1,0.0,0.0,0.0,0.04,0.48,0.243333,1.0,0.0,0.539467,dio_0fsp,-,dio_0fsp,True,False,False,False,False,False,False,False,passive_fragmented_semantic_field,dio_semantic_island_85: fragmentiertes semantisches Feld; Naehe noch nicht gebunden.
dio_semantic_island_86,isolated_trace,1,0,1,0,1,0.0,0.0,0.0,0.04,0.48,0.243333,1.0,0.0,0.539467,dio_0ft4,-,dio_0ft4,True,False,False,False,False,False,False,False,passive_fragmented_semantic_field,dio_semantic_island_86: fragmentiertes semantisches Feld; Naehe noch nicht gebunden.
dio_semantic_island_87,isolated_trace,1,0,1,0,1,0.0,0.0,0.0,0.04,0.48,0.243333,1.0,0.0,0.539467,dio_0g55,-,dio_0g55,True,False,False,False,False,False,False,False,passive_fragmented_semantic_field,dio_semantic_island_87: fragmentiertes semantisches Feld; Naehe noch nicht gebunden.
dio_semantic_island_88,isolated_trace,1,0,1,0,1,0.0,0.0,0.0,0.04,0.48,0.243333,1.0,0.0,0.539467,dio_0gmg,-,dio_0gmg,True,False,False,False,False,False,False,False,passive_fragmented_semantic_field,dio_semantic_island_88: fragmentiertes semantisches Feld; Naehe noch nicht gebunden.
dio_semantic_island_89,isolated_trace,1,0,1,0,1,0.0,0.0,0.0,0.04,0.48,0.243333,1.0,0.0,0.539467,dio_0gvf,-,dio_0gvf,True,False,False,False,False,False,False,False,passive_fragmented_semantic_field,dio_semantic_island_89: fragmentiertes semantisches Feld; Naehe noch nicht gebunden.
dio_semantic_island_90,isolated_trace,1,0,1,0,1,0.0,0.0,0.0,0.04,0.48,0.243333,1.0,0.0,0.539467,dio_0i4h,-,dio_0i4h,True,False,False,False,False,False,False,False,passive_fragmented_semantic_field,dio_semantic_island_90: fragmentiertes semantisches Feld; Naehe noch nicht gebunden.
dio_semantic_island_91,isolated_trace,1,0,1,0,1,0.0,0.0,0.0,0.04,0.48,0.243333,1.0,0.0,0.539467,dio_0ipe,-,dio_0ipe,True,False,False,False,False,False,False,False,passive_fragmented_semantic_field,dio_semantic_island_91: fragmentiertes semantisches Feld; Naehe noch nicht gebunden.
dio_semantic_island_92,isolated_trace,1,0,1,0,1,0.0,0.0,0.0,0.04,0.48,0.243333,1.0,0.0,0.539467,dio_0irs,-,dio_0irs,True,False,False,False,False,False,False,False,passive_fragmented_semantic_field,dio_semantic_island_92: fragmentiertes semantisches Feld; Naehe noch nicht gebunden.
dio_semantic_island_93,isolated_trace,1,0,1,0,1,0.0,0.0,0.0,0.04,0.48,0.243333,1.0,0.0,0.539467,dio_0jgk,-,dio_0jgk,True,False,False,False,False,False,False,False,passive_fragmented_semantic_field,dio_semantic_island_93: fragmentiertes semantisches Feld; Naehe noch nicht gebunden.
dio_semantic_island_94,isolated_trace,1,0,1,0,1,0.0,0.0,0.0,0.04,0.48,0.243333,1.0,0.0,0.539467,dio_0k0f,-,dio_0k0f,True,False,False,False,False,False,False,False,passive_fragmented_semantic_field,dio_semantic_island_94: fragmentiertes semantisches Feld; Naehe noch nicht gebunden.
dio_semantic_island_95,isolated_trace,1,0,1,0,1,0.0,0.0,0.0,0.04,0.48,0.243333,1.0,0.0,0.539467,dio_0l9d,-,dio_0l9d,True,False,False,False,False,False,False,False,passive_fragmented_semantic_field,dio_semantic_island_95: fragmentiertes semantisches Feld; Naehe noch nicht gebunden.
dio_semantic_island_96,isolated_trace,1,0,1,0,1,0.0,0.0,0.0,0.04,0.48,0.243333,1.0,0.0,0.539467,dio_0lrt,-,dio_0lrt,True,False,False,False,False,False,False,False,passive_fragmented_semantic_field,dio_semantic_island_96: fragmentiertes semantisches Feld; Naehe noch nicht gebunden.
dio_semantic_island_97,isolated_trace,1,0,1,0,1,0.0,0.0,0.0,0.04,0.48,0.243333,1.0,0.0,0.539467,dio_0m7s,-,dio_0m7s,True,False,False,False,False,False,False,False,passive_fragmented_semantic_field,dio_semantic_island_97: fragmentiertes semantisches Feld; Naehe noch nicht gebunden.
dio_semantic_island_98,isolated_trace,1,0,1,0,1,0.0,0.0,0.0,0.04,0.48,0.243333,1.0,0.0,0.539467,dio_0mtr,-,dio_0mtr,True,False,False,False,False,False,False,False,passive_fragmented_semantic_field,dio_semantic_island_98: fragmentiertes semantisches Feld; Naehe noch nicht gebunden.
dio_semantic_island_99,isolated_trace,1,0,1,0,1,0.0,0.0,0.0,0.04,0.48,0.243333,1.0,0.0,0.539467,dio_0ngs,-,dio_0ngs,True,False,False,False,False,False,False,False,passive_fragmented_semantic_field,dio_semantic_island_99: fragmentiertes semantisches Feld; Naehe noch nicht gebunden.
