symbol_family,episode_count,source_count,candidate_loaded,candidate_passive_reife_state,dominant_action,dominant_neuro_tone,dominant_temporal_state,avg_sehen_form_flow,avg_hoeren_energy_tone,avg_fuehlen_mcm_coherence,avg_observation_learning_pressure,candidate_meaning_preservation_rate,candidate_stable_recurrence_rate,candidate_variant_capacity_rate,candidate_temporal_fragility,passive_only,writes_runtime_memory,read_by_mini_dio,influences_action,is_gate,is_motoric,is_entry_signal,is_direction_signal,matrix_node_state,dio_matrix_node_sentence
dio_06b8,14,12,False,,WAIT,observation_tone,temporal_first_contact,-0.263356,-0.127842,-0.235796,0.241877,0.0,0.0,0.0,0.0,True,False,False,False,False,False,False,False,recurring_raw_semantic_trace,dio_06b8: wiederkehrende rohe Syntaxspur im Bedeutungsraum.
dio_05ws,12,12,False,,WAIT,focus_tone,temporal_first_contact,-0.778783,0.000197,0.993667,0.417876,0.0,0.0,0.0,0.0,True,False,False,False,False,False,False,False,recurring_raw_semantic_trace,dio_05ws: wiederkehrende rohe Syntaxspur im Bedeutungsraum.
dio_0eeh,12,10,False,,WAIT,focus_tone,temporal_first_contact,0.598523,0.354779,0.900662,0.565563,0.0,0.0,0.0,0.0,True,False,False,False,False,False,False,False,recurring_raw_semantic_trace,dio_0eeh: wiederkehrende rohe Syntaxspur im Bedeutungsraum.
dio_1287,12,12,False,,WAIT,observation_tone,temporal_first_contact,-0.216385,0.095442,-0.226724,0.235669,0.0,0.0,0.0,0.0,True,False,False,False,False,False,False,False,recurring_raw_semantic_trace,dio_1287: wiederkehrende rohe Syntaxspur im Bedeutungsraum.
dio_0gmg,10,10,False,,WAIT,observation_tone,temporal_first_contact,0.122926,-0.013252,-0.206532,0.234513,0.0,0.0,0.0,0.0,True,False,False,False,False,False,False,False,recurring_raw_semantic_trace,dio_0gmg: wiederkehrende rohe Syntaxspur im Bedeutungsraum.
dio_0r61,10,10,False,,WAIT,observation_tone,temporal_first_contact,-0.254895,-0.150456,-0.242128,0.238896,0.0,0.0,0.0,0.0,True,False,False,False,False,False,False,False,recurring_raw_semantic_trace,dio_0r61: wiederkehrende rohe Syntaxspur im Bedeutungsraum.
dio_1vg2,10,10,False,,WAIT,observation_tone,temporal_first_contact,0.156312,-0.039151,-0.210962,0.23496,0.0,0.0,0.0,0.0,True,False,False,False,False,False,False,False,recurring_raw_semantic_trace,dio_1vg2: wiederkehrende rohe Syntaxspur im Bedeutungsraum.
dio_05xk,8,8,False,,WAIT,observation_tone,temporal_first_contact,0.159964,0.09684,-0.227115,0.234182,0.0,0.0,0.0,0.0,True,False,False,False,False,False,False,False,recurring_raw_semantic_trace,dio_05xk: wiederkehrende rohe Syntaxspur im Bedeutungsraum.
dio_0zq7,8,8,False,,WAIT,focus_tone,temporal_first_contact,-0.539499,0.36715,0.297198,0.405717,0.0,0.0,0.0,0.0,True,False,False,False,False,False,False,False,recurring_raw_semantic_trace,dio_0zq7: wiederkehrende rohe Syntaxspur im Bedeutungsraum.
dio_1204,8,8,False,,WAIT,focus_tone,temporal_first_contact,0.300866,0.021627,0.39352,0.405627,0.0,0.0,0.0,0.0,True,False,False,False,False,False,False,False,recurring_raw_semantic_trace,dio_1204: wiederkehrende rohe Syntaxspur im Bedeutungsraum.
dio_19bg,8,8,False,,WAIT,focus_tone,temporal_first_contact,-0.515927,-0.356212,0.30026,0.402925,0.0,0.0,0.0,0.0,True,False,False,False,False,False,False,False,recurring_raw_semantic_trace,dio_19bg: wiederkehrende rohe Syntaxspur im Bedeutungsraum.
dio_1k9e,8,8,False,,WAIT,observation_tone,temporal_first_contact,0.154998,0.017994,-0.205439,0.236674,0.0,0.0,0.0,0.0,True,False,False,False,False,False,False,False,recurring_raw_semantic_trace,dio_1k9e: wiederkehrende rohe Syntaxspur im Bedeutungsraum.
dio_1wja,8,6,False,,WAIT,focus_tone,temporal_first_contact,0.091459,0.243841,0.331725,0.369162,0.0,0.0,0.0,0.0,True,False,False,False,False,False,False,False,recurring_raw_semantic_trace,dio_1wja: wiederkehrende rohe Syntaxspur im Bedeutungsraum.
dio_005q,6,6,False,,WAIT,focus_tone,temporal_first_contact,-0.589999,0.341132,0.304483,0.416239,0.0,0.0,0.0,0.0,True,False,False,False,False,False,False,False,recurring_raw_semantic_trace,dio_005q: wiederkehrende rohe Syntaxspur im Bedeutungsraum.
dio_02rt,6,6,False,,WAIT,focus_tone,temporal_first_contact,-0.473096,-0.19092,0.346542,0.41392,0.0,0.0,0.0,0.0,True,False,False,False,False,False,False,False,recurring_raw_semantic_trace,dio_02rt: wiederkehrende rohe Syntaxspur im Bedeutungsraum.
dio_03sc,6,6,False,,WAIT,observation_tone,temporal_first_contact,-0.158522,0.484229,-0.335584,0.191175,0.0,0.0,0.0,0.0,True,False,False,False,False,False,False,False,recurring_raw_semantic_trace,dio_03sc: wiederkehrende rohe Syntaxspur im Bedeutungsraum.
dio_0892,6,6,False,,WAIT,focus_tone,temporal_first_contact,0.431564,0.257301,0.927956,0.561587,0.0,0.0,0.0,0.0,True,False,False,False,False,False,False,False,recurring_raw_semantic_trace,dio_0892: wiederkehrende rohe Syntaxspur im Bedeutungsraum.
dio_0ce4,6,6,False,,WAIT,focus_tone,temporal_first_contact,0.665729,-0.112281,0.968561,0.606251,0.0,0.0,0.0,0.0,True,False,False,False,False,False,False,False,recurring_raw_semantic_trace,dio_0ce4: wiederkehrende rohe Syntaxspur im Bedeutungsraum.
dio_0dos,6,6,False,,WAIT,focus_tone,temporal_first_contact,-0.16466,0.136853,0.361681,0.380421,0.0,0.0,0.0,0.0,True,False,False,False,False,False,False,False,recurring_raw_semantic_trace,dio_0dos: wiederkehrende rohe Syntaxspur im Bedeutungsraum.
dio_0e37,6,6,False,,WAIT,observation_tone,temporal_first_contact,0.519755,-0.02096,-0.205869,0.276606,0.0,0.0,0.0,0.0,True,False,False,False,False,False,False,False,recurring_raw_semantic_trace,dio_0e37: wiederkehrende rohe Syntaxspur im Bedeutungsraum.
dio_0g2u,6,6,False,,WAIT,observation_tone,temporal_first_contact,-0.162051,0.109558,-0.230676,0.228019,0.0,0.0,0.0,0.0,True,False,False,False,False,False,False,False,recurring_raw_semantic_trace,dio_0g2u: wiederkehrende rohe Syntaxspur im Bedeutungsraum.
dio_0ic6,6,6,False,,WAIT,observation_tone,temporal_first_contact,-0.152347,0.141511,-0.239623,0.223972,0.0,0.0,0.0,0.0,True,False,False,False,False,False,False,False,recurring_raw_semantic_trace,dio_0ic6: wiederkehrende rohe Syntaxspur im Bedeutungsraum.
dio_0lrt,6,4,False,,WAIT,focus_tone,temporal_first_contact,-0.387093,-0.348643,0.30238,0.396516,0.0,0.0,0.0,0.0,True,False,False,False,False,False,False,False,recurring_raw_semantic_trace,dio_0lrt: wiederkehrende rohe Syntaxspur im Bedeutungsraum.
dio_0q96,6,6,False,,WAIT,focus_tone,temporal_first_contact,-0.498627,-0.030442,0.391477,0.420892,0.0,0.0,0.0,0.0,True,False,False,False,False,False,False,False,recurring_raw_semantic_trace,dio_0q96: wiederkehrende rohe Syntaxspur im Bedeutungsraum.
dio_0t8k,6,6,False,,WAIT,focus_tone,temporal_first_contact,0.330713,-0.199661,0.944095,0.56063,0.0,0.0,0.0,0.0,True,False,False,False,False,False,False,False,recurring_raw_semantic_trace,dio_0t8k: wiederkehrende rohe Syntaxspur im Bedeutungsraum.
dio_11vr,6,6,False,,WAIT,observation_tone,temporal_first_contact,0.007406,0.018355,-0.208362,0.220704,0.0,0.0,0.0,0.0,True,False,False,False,False,False,False,False,recurring_raw_semantic_trace,dio_11vr: wiederkehrende rohe Syntaxspur im Bedeutungsraum.
dio_12x0,6,6,False,,WAIT,focus_tone,temporal_first_contact,-0.708899,-0.043419,0.387843,0.461103,0.0,0.0,0.0,0.0,True,False,False,False,False,False,False,False,recurring_raw_semantic_trace,dio_12x0: wiederkehrende rohe Syntaxspur im Bedeutungsraum.
dio_16l1,6,6,False,,WAIT,observation_tone,temporal_first_contact,0.16518,-0.152955,-0.242827,0.230348,0.0,0.0,0.0,0.0,True,False,False,False,False,False,False,False,recurring_raw_semantic_trace,dio_16l1: wiederkehrende rohe Syntaxspur im Bedeutungsraum.
dio_1gsg,6,6,False,,WAIT,observation_tone,temporal_first_contact,0.272377,0.170212,-0.247659,0.227847,0.0,0.0,0.0,0.0,True,False,False,False,False,False,False,False,recurring_raw_semantic_trace,dio_1gsg: wiederkehrende rohe Syntaxspur im Bedeutungsraum.
dio_1iox,6,6,False,,WAIT,observation_tone,temporal_first_contact,-0.384987,0.329074,-0.292141,0.232733,0.0,0.0,0.0,0.0,True,False,False,False,False,False,False,False,recurring_raw_semantic_trace,dio_1iox: wiederkehrende rohe Syntaxspur im Bedeutungsraum.
dio_1jgc,6,6,False,,WAIT,focus_tone,temporal_first_contact,0.079922,0.052375,0.985335,0.541137,0.0,0.0,0.0,0.0,True,False,False,False,False,False,False,False,recurring_raw_semantic_trace,dio_1jgc: wiederkehrende rohe Syntaxspur im Bedeutungsraum.
dio_1p8y,6,6,False,,WAIT,focus_tone,temporal_first_contact,0.440218,-0.016689,0.391075,0.420807,0.0,0.0,0.0,0.0,True,False,False,False,False,False,False,False,recurring_raw_semantic_trace,dio_1p8y: wiederkehrende rohe Syntaxspur im Bedeutungsraum.
dio_1qst,6,6,False,,WAIT,focus_tone,temporal_first_contact,-0.470668,-0.224247,0.337211,0.411394,0.0,0.0,0.0,0.0,True,False,False,False,False,False,False,False,recurring_raw_semantic_trace,dio_1qst: wiederkehrende rohe Syntaxspur im Bedeutungsraum.
dio_1reh,6,6,False,,WAIT,focus_tone,temporal_first_contact,0.203499,-0.077818,0.978211,0.555319,0.0,0.0,0.0,0.0,True,False,False,False,False,False,False,False,recurring_raw_semantic_trace,dio_1reh: wiederkehrende rohe Syntaxspur im Bedeutungsraum.
dio_1s9i,6,6,False,,WAIT,focus_tone,temporal_first_contact,0.672808,-0.037695,0.389445,0.446002,0.0,0.0,0.0,0.0,True,False,False,False,False,False,False,False,recurring_raw_semantic_trace,dio_1s9i: wiederkehrende rohe Syntaxspur im Bedeutungsraum.
dio_1tjm,6,6,False,,WAIT,focus_tone,temporal_first_contact,0.519511,-0.133731,0.962556,0.587468,0.0,0.0,0.0,0.0,True,False,False,False,False,False,False,False,recurring_raw_semantic_trace,dio_1tjm: wiederkehrende rohe Syntaxspur im Bedeutungsraum.
dio_1tsz,6,6,False,,WAIT,focus_tone,temporal_first_contact,-0.794007,-0.030753,0.991389,0.627403,0.0,0.0,0.0,0.0,True,False,False,False,False,False,False,False,recurring_raw_semantic_trace,dio_1tsz: wiederkehrende rohe Syntaxspur im Bedeutungsraum.
dio_1xka,6,4,False,,WAIT,focus_tone,temporal_first_contact,0.40666,-0.034552,0.390325,0.42817,0.0,0.0,0.0,0.0,True,False,False,False,False,False,False,False,recurring_raw_semantic_trace,dio_1xka: wiederkehrende rohe Syntaxspur im Bedeutungsraum.
dio_1yob,6,6,False,,WAIT,focus_tone,temporal_first_contact,0.259183,-0.036007,0.389918,0.405178,0.0,0.0,0.0,0.0,True,False,False,False,False,False,False,False,recurring_raw_semantic_trace,dio_1yob: wiederkehrende rohe Syntaxspur im Bedeutungsraum.
dio_03yz,4,4,False,,WAIT,observation_tone,temporal_first_contact,0.138099,0.060749,-0.217009,0.230115,0.0,0.0,0.0,0.0,True,False,False,False,False,False,False,False,recurring_raw_semantic_trace,dio_03yz: wiederkehrende rohe Syntaxspur im Bedeutungsraum.
dio_07mw,4,4,False,,WAIT,focus_tone,temporal_first_contact,0.341565,0.035791,0.389979,0.40938,0.0,0.0,0.0,0.0,True,False,False,False,False,False,False,False,recurring_raw_semantic_trace,dio_07mw: wiederkehrende rohe Syntaxspur im Bedeutungsraum.
dio_07t9,4,4,False,,WAIT,observation_tone,temporal_first_contact,-0.551136,-0.392894,0.28999,0.403737,0.0,0.0,0.0,0.0,True,False,False,False,False,False,False,False,recurring_raw_semantic_trace,dio_07t9: wiederkehrende rohe Syntaxspur im Bedeutungsraum.
dio_091t,4,4,False,,WAIT,focus_tone,temporal_first_contact,0.056843,0.260095,0.327173,0.363539,0.0,0.0,0.0,0.0,True,False,False,False,False,False,False,False,recurring_raw_semantic_trace,dio_091t: wiederkehrende rohe Syntaxspur im Bedeutungsraum.
dio_09u3,4,4,False,,WAIT,focus_tone,temporal_first_contact,0.320046,-0.178991,0.349882,0.406195,0.0,0.0,0.0,0.0,True,False,False,False,False,False,False,False,recurring_raw_semantic_trace,dio_09u3: wiederkehrende rohe Syntaxspur im Bedeutungsraum.
dio_0bm2,4,4,False,,WAIT,focus_tone,temporal_first_contact,0.478498,-0.350811,0.901772,0.559243,0.0,0.0,0.0,0.0,True,False,False,False,False,False,False,False,recurring_raw_semantic_trace,dio_0bm2: wiederkehrende rohe Syntaxspur im Bedeutungsraum.
dio_0ft4,4,4,False,,WAIT,observation_tone,temporal_first_contact,0.150894,0.022052,-0.206174,0.232275,0.0,0.0,0.0,0.0,True,False,False,False,False,False,False,False,recurring_raw_semantic_trace,dio_0ft4: wiederkehrende rohe Syntaxspur im Bedeutungsraum.
dio_0hl8,4,4,False,,WAIT,focus_tone,temporal_first_contact,0.543926,0.137545,0.961488,0.588097,0.0,0.0,0.0,0.0,True,False,False,False,False,False,False,False,recurring_raw_semantic_trace,dio_0hl8: wiederkehrende rohe Syntaxspur im Bedeutungsraum.
dio_0ksa,4,4,False,,WAIT,focus_tone,temporal_first_contact,0.351219,-0.162272,0.954564,0.566482,0.0,0.0,0.0,0.0,True,False,False,False,False,False,False,False,recurring_raw_semantic_trace,dio_0ksa: wiederkehrende rohe Syntaxspur im Bedeutungsraum.
dio_0m7s,4,4,False,,WAIT,focus_tone,temporal_first_contact,0.456623,-0.258922,0.927502,0.566285,0.0,0.0,0.0,0.0,True,False,False,False,False,False,False,False,recurring_raw_semantic_trace,dio_0m7s: wiederkehrende rohe Syntaxspur im Bedeutungsraum.
dio_0m9e,4,4,False,,WAIT,focus_tone,temporal_first_contact,-0.024826,-0.193003,0.345959,0.36587,0.0,0.0,0.0,0.0,True,False,False,False,False,False,False,False,recurring_raw_semantic_trace,dio_0m9e: wiederkehrende rohe Syntaxspur im Bedeutungsraum.
dio_0o73,4,4,False,,WAIT,focus_tone,temporal_first_contact,0.711267,0.127708,0.964242,0.613317,0.0,0.0,0.0,0.0,True,False,False,False,False,False,False,False,recurring_raw_semantic_trace,dio_0o73: wiederkehrende rohe Syntaxspur im Bedeutungsraum.
dio_0p12,4,4,False,,WAIT,focus_tone,temporal_first_contact,0.791845,0.167629,0.953063,0.619067,0.0,0.0,0.0,0.0,True,False,False,False,False,False,False,False,recurring_raw_semantic_trace,dio_0p12: wiederkehrende rohe Syntaxspur im Bedeutungsraum.
dio_0pni,4,4,False,,WAIT,focus_tone,temporal_first_contact,0.5259,-0.204701,0.942684,0.581535,0.0,0.0,0.0,0.0,True,False,False,False,False,False,False,False,recurring_raw_semantic_trace,dio_0pni: wiederkehrende rohe Syntaxspur im Bedeutungsraum.
dio_0qfc,4,4,False,,WAIT,focus_tone,temporal_first_contact,-0.395492,-0.353958,0.300892,0.399417,0.0,0.0,0.0,0.0,True,False,False,False,False,False,False,False,recurring_raw_semantic_trace,dio_0qfc: wiederkehrende rohe Syntaxspur im Bedeutungsraum.
dio_0r8l,4,4,False,,WAIT,focus_tone,temporal_first_contact,-0.74779,-0.014718,0.995879,0.617414,0.0,0.0,0.0,0.0,True,False,False,False,False,False,False,False,recurring_raw_semantic_trace,dio_0r8l: wiederkehrende rohe Syntaxspur im Bedeutungsraum.
dio_0t27,4,4,False,,WAIT,observation_tone,temporal_first_contact,0.126621,-0.045507,-0.212742,0.116627,0.0,0.0,0.0,0.0,True,False,False,False,False,False,False,False,recurring_raw_semantic_trace,dio_0t27: wiederkehrende rohe Syntaxspur im Bedeutungsraum.
dio_0u61,4,4,False,,WAIT,focus_tone,temporal_first_contact,0.373699,-0.323409,0.309445,0.399809,0.0,0.0,0.0,0.0,True,False,False,False,False,False,False,False,recurring_raw_semantic_trace,dio_0u61: wiederkehrende rohe Syntaxspur im Bedeutungsraum.
dio_0udt,4,4,False,,WAIT,focus_tone,temporal_first_contact,0.556596,-0.193254,0.945889,0.587148,0.0,0.0,0.0,0.0,True,False,False,False,False,False,False,False,recurring_raw_semantic_trace,dio_0udt: wiederkehrende rohe Syntaxspur im Bedeutungsraum.
dio_0yco,4,4,False,,WAIT,focus_tone,temporal_first_contact,0.658534,-0.126633,0.964543,0.606,0.0,0.0,0.0,0.0,True,False,False,False,False,False,False,False,recurring_raw_semantic_trace,dio_0yco: wiederkehrende rohe Syntaxspur im Bedeutungsraum.
dio_0yk9,4,4,False,,WAIT,focus_tone,temporal_first_contact,0.854827,0.041462,0.98839,0.637952,0.0,0.0,0.0,0.0,True,False,False,False,False,False,False,False,recurring_raw_semantic_trace,dio_0yk9: wiederkehrende rohe Syntaxspur im Bedeutungsraum.
dio_10qz,4,4,False,,WAIT,focus_tone,temporal_first_contact,0.726589,0.037697,0.989444,0.620866,0.0,0.0,0.0,0.0,True,False,False,False,False,False,False,False,recurring_raw_semantic_trace,dio_10qz: wiederkehrende rohe Syntaxspur im Bedeutungsraum.
dio_13a8,4,4,False,,WAIT,observation_tone,temporal_first_contact,0.138912,-0.016216,-0.204541,0.233272,0.0,0.0,0.0,0.0,True,False,False,False,False,False,False,False,recurring_raw_semantic_trace,dio_13a8: wiederkehrende rohe Syntaxspur im Bedeutungsraum.
dio_140n,4,4,False,,WAIT,focus_tone,temporal_first_contact,-0.023025,-0.181524,0.349174,0.366179,0.0,0.0,0.0,0.0,True,False,False,False,False,False,False,False,recurring_raw_semantic_trace,dio_140n: wiederkehrende rohe Syntaxspur im Bedeutungsraum.
dio_14ud,4,2,False,,WAIT,focus_tone,temporal_far_return,0.321011,0.077326,0.378348,0.402848,0.0,0.0,0.0,0.0,True,False,False,False,False,False,False,False,recurring_raw_semantic_trace,dio_14ud: wiederkehrende rohe Syntaxspur im Bedeutungsraum.
dio_155k,4,4,False,,WAIT,focus_tone,temporal_first_contact,0.620856,-0.131588,0.963155,0.600394,0.0,0.0,0.0,0.0,True,False,False,False,False,False,False,False,recurring_raw_semantic_trace,dio_155k: wiederkehrende rohe Syntaxspur im Bedeutungsraum.
dio_1640,4,4,False,,WAIT,observation_tone,temporal_first_contact,0.35687,0.07396,-0.220709,0.246074,0.0,0.0,0.0,0.0,True,False,False,False,False,False,False,False,recurring_raw_semantic_trace,dio_1640: wiederkehrende rohe Syntaxspur im Bedeutungsraum.
dio_16kq,4,4,False,,WAIT,focus_tone,temporal_first_contact,0.401875,0.219981,0.938406,0.563946,0.0,0.0,0.0,0.0,True,False,False,False,False,False,False,False,recurring_raw_semantic_trace,dio_16kq: wiederkehrende rohe Syntaxspur im Bedeutungsraum.
dio_16rf,4,4,False,,WAIT,focus_tone,temporal_first_contact,0.962686,0.083129,0.976724,0.646943,0.0,0.0,0.0,0.0,True,False,False,False,False,False,False,False,recurring_raw_semantic_trace,dio_16rf: wiederkehrende rohe Syntaxspur im Bedeutungsraum.
dio_17ny,4,4,False,,WAIT,observation_tone,temporal_first_contact,0.080986,-0.008338,-0.202335,0.224299,0.0,0.0,0.0,0.0,True,False,False,False,False,False,False,False,recurring_raw_semantic_trace,dio_17ny: wiederkehrende rohe Syntaxspur im Bedeutungsraum.
dio_19p7,4,4,False,,WAIT,focus_tone,temporal_first_contact,-0.375355,-0.320897,0.310148,0.397156,0.0,0.0,0.0,0.0,True,False,False,False,False,False,False,False,recurring_raw_semantic_trace,dio_19p7: wiederkehrende rohe Syntaxspur im Bedeutungsraum.
dio_1cdk,4,4,False,,WAIT,focus_tone,temporal_first_contact,0.275887,-0.07658,0.378558,0.403696,0.0,0.0,0.0,0.0,True,False,False,False,False,False,False,False,recurring_raw_semantic_trace,dio_1cdk: wiederkehrende rohe Syntaxspur im Bedeutungsraum.
dio_1f9y,4,4,False,,WAIT,focus_tone,temporal_first_contact,0.86019,0.123663,0.965374,0.631292,0.0,0.0,0.0,0.0,True,False,False,False,False,False,False,False,recurring_raw_semantic_trace,dio_1f9y: wiederkehrende rohe Syntaxspur im Bedeutungsraum.
dio_1fz7,4,4,False,,WAIT,observation_tone,temporal_first_contact,0.143869,0.025156,-0.207044,0.236478,0.0,0.0,0.0,0.0,True,False,False,False,False,False,False,False,recurring_raw_semantic_trace,dio_1fz7: wiederkehrende rohe Syntaxspur im Bedeutungsraum.
dio_1fzx,4,4,False,,WAIT,focus_tone,temporal_first_contact,-0.594504,0.350358,0.3019,0.416826,0.0,0.0,0.0,0.0,True,False,False,False,False,False,False,False,recurring_raw_semantic_trace,dio_1fzx: wiederkehrende rohe Syntaxspur im Bedeutungsraum.
dio_1gwl,4,4,False,,WAIT,focus_tone,temporal_first_contact,0.602627,-0.064868,0.981837,0.604822,0.0,0.0,0.0,0.0,True,False,False,False,False,False,False,False,recurring_raw_semantic_trace,dio_1gwl: wiederkehrende rohe Syntaxspur im Bedeutungsraum.
dio_1im7,4,4,False,,WAIT,focus_tone,temporal_first_contact,0.301438,-0.147008,0.358838,0.407673,0.0,0.0,0.0,0.0,True,False,False,False,False,False,False,False,recurring_raw_semantic_trace,dio_1im7: wiederkehrende rohe Syntaxspur im Bedeutungsraum.
dio_1jba,4,4,False,,WAIT,focus_tone,temporal_first_contact,-0.517409,0.019044,0.392888,0.4247,0.0,0.0,0.0,0.0,True,False,False,False,False,False,False,False,recurring_raw_semantic_trace,dio_1jba: wiederkehrende rohe Syntaxspur im Bedeutungsraum.
dio_1m7i,4,4,False,,WAIT,focus_tone,temporal_first_contact,-0.742482,-0.065136,0.981761,0.612457,0.0,0.0,0.0,0.0,True,False,False,False,False,False,False,False,recurring_raw_semantic_trace,dio_1m7i: wiederkehrende rohe Syntaxspur im Bedeutungsraum.
dio_1mrs,4,4,False,,WAIT,focus_tone,temporal_first_contact,0.773626,0.21743,0.939119,0.611804,0.0,0.0,0.0,0.0,True,False,False,False,False,False,False,False,recurring_raw_semantic_trace,dio_1mrs: wiederkehrende rohe Syntaxspur im Bedeutungsraum.
dio_1mwc,4,4,False,,WAIT,focus_tone,temporal_first_contact,0.672583,-0.093575,0.973799,0.609692,0.0,0.0,0.0,0.0,True,False,False,False,False,False,False,False,recurring_raw_semantic_trace,dio_1mwc: wiederkehrende rohe Syntaxspur im Bedeutungsraum.
dio_1mym,4,4,False,,WAIT,focus_tone,temporal_first_contact,0.693665,-0.101304,0.971635,0.611061,0.0,0.0,0.0,0.0,True,False,False,False,False,False,False,False,recurring_raw_semantic_trace,dio_1mym: wiederkehrende rohe Syntaxspur im Bedeutungsraum.
dio_1n79,4,4,False,,WAIT,focus_tone,temporal_first_contact,-0.390114,-0.047478,0.386706,0.408397,0.0,0.0,0.0,0.0,True,False,False,False,False,False,False,False,recurring_raw_semantic_trace,dio_1n79: wiederkehrende rohe Syntaxspur im Bedeutungsraum.
dio_1q4u,4,4,False,,WAIT,observation_tone,temporal_first_contact,0.151628,0.042293,-0.211842,0.235607,0.0,0.0,0.0,0.0,True,False,False,False,False,False,False,False,recurring_raw_semantic_trace,dio_1q4u: wiederkehrende rohe Syntaxspur im Bedeutungsraum.
dio_1qaq,4,4,False,,WAIT,focus_tone,temporal_first_contact,-0.458631,-0.152718,0.357239,0.416189,0.0,0.0,0.0,0.0,True,False,False,False,False,False,False,False,recurring_raw_semantic_trace,dio_1qaq: wiederkehrende rohe Syntaxspur im Bedeutungsraum.
dio_1si6,4,4,False,,WAIT,focus_tone,temporal_first_contact,-0.402234,-0.089427,0.374961,0.405554,0.0,0.0,0.0,0.0,True,False,False,False,False,False,False,False,recurring_raw_semantic_trace,dio_1si6: wiederkehrende rohe Syntaxspur im Bedeutungsraum.
dio_1u5g,4,4,False,,WAIT,observation_tone,temporal_first_contact,-0.370553,0.277741,-0.277768,0.235267,0.0,0.0,0.0,0.0,True,False,False,False,False,False,False,False,recurring_raw_semantic_trace,dio_1u5g: wiederkehrende rohe Syntaxspur im Bedeutungsraum.
dio_1ull,4,4,False,,WAIT,observation_tone,temporal_first_contact,-0.011112,0.111865,-0.231322,0.21366,0.0,0.0,0.0,0.0,True,False,False,False,False,False,False,False,recurring_raw_semantic_trace,dio_1ull: wiederkehrende rohe Syntaxspur im Bedeutungsraum.
dio_1vz0,4,2,False,,WAIT,observation_tone,temporal_far_return,0.038813,-0.006642,-0.203545,0.218359,0.0,0.0,0.0,0.0,True,False,False,False,False,False,False,False,recurring_raw_semantic_trace,dio_1vz0: wiederkehrende rohe Syntaxspur im Bedeutungsraum.
dio_1wgb,4,4,False,,WAIT,focus_tone,temporal_first_contact,0.880375,0.138595,0.961194,0.630781,0.0,0.0,0.0,0.0,True,False,False,False,False,False,False,False,recurring_raw_semantic_trace,dio_1wgb: wiederkehrende rohe Syntaxspur im Bedeutungsraum.
dio_1xfl,4,4,False,,WAIT,observation_tone,temporal_first_contact,-0.272143,0.392174,0.090192,0.316858,0.0,0.0,0.0,0.0,True,False,False,False,False,False,False,False,recurring_raw_semantic_trace,dio_1xfl: wiederkehrende rohe Syntaxspur im Bedeutungsraum.
dio_005k,2,2,False,,WAIT,focus_tone,temporal_first_contact,-0.065818,0.429328,0.279788,0.345371,0.0,0.0,0.0,0.0,True,False,False,False,False,False,False,False,raw_semantic_trace,dio_005k: rohe Syntaxspur mit erster Wiederkehr.
dio_00r9,2,2,False,,WAIT,focus_tone,temporal_first_contact,0.426887,-0.182661,0.348855,0.418453,0.0,0.0,0.0,0.0,True,False,False,False,False,False,False,False,raw_semantic_trace,dio_00r9: rohe Syntaxspur mit erster Wiederkehr.
dio_010h,2,2,False,,WAIT,observation_tone,temporal_first_contact,-0.389806,-0.247236,-0.269226,0.243811,0.0,0.0,0.0,0.0,True,False,False,False,False,False,False,False,raw_semantic_trace,dio_010h: rohe Syntaxspur mit erster Wiederkehr.
dio_0120,2,2,False,,WAIT,focus_tone,temporal_first_contact,0.664673,0.168492,0.952822,0.60014,0.0,0.0,0.0,0.0,True,False,False,False,False,False,False,False,raw_semantic_trace,dio_0120: rohe Syntaxspur mit erster Wiederkehr.
dio_015b,2,2,False,,WAIT,focus_tone,temporal_first_contact,-0.40645,-0.387023,0.291634,0.397361,0.0,0.0,0.0,0.0,True,False,False,False,False,False,False,False,raw_semantic_trace,dio_015b: rohe Syntaxspur mit erster Wiederkehr.
dio_0192,2,2,False,,WAIT,focus_tone,temporal_first_contact,0.435496,-0.03528,0.390122,0.419841,0.0,0.0,0.0,0.0,True,False,False,False,False,False,False,False,raw_semantic_trace,dio_0192: rohe Syntaxspur mit erster Wiederkehr.
dio_01px,2,2,False,,WAIT,observation_tone,temporal_first_contact,0.521909,-0.075833,-0.221233,0.271815,0.0,0.0,0.0,0.0,True,False,False,False,False,False,False,False,raw_semantic_trace,dio_01px: rohe Syntaxspur mit erster Wiederkehr.
dio_01sj,2,2,False,,WAIT,focus_tone,temporal_first_contact,0.488157,0.338539,0.905209,0.55819,0.0,0.0,0.0,0.0,True,False,False,False,False,False,False,False,raw_semantic_trace,dio_01sj: rohe Syntaxspur mit erster Wiederkehr.
dio_01w7,2,2,False,,WAIT,focus_tone,temporal_first_contact,0.575304,0.156977,0.956046,0.590566,0.0,0.0,0.0,0.0,True,False,False,False,False,False,False,False,raw_semantic_trace,dio_01w7: rohe Syntaxspur mit erster Wiederkehr.
dio_02y8,2,2,False,,WAIT,focus_tone,temporal_first_contact,0.591308,0.305853,0.914361,0.569534,0.0,0.0,0.0,0.0,True,False,False,False,False,False,False,False,raw_semantic_trace,dio_02y8: rohe Syntaxspur mit erster Wiederkehr.
dio_0325,2,2,False,,WAIT,focus_tone,temporal_first_contact,0.685735,0.060478,0.983066,0.613482,0.0,0.0,0.0,0.0,True,False,False,False,False,False,False,False,raw_semantic_trace,dio_0325: rohe Syntaxspur mit erster Wiederkehr.
dio_049c,2,2,False,,WAIT,focus_tone,temporal_first_contact,0.709148,-0.158895,0.955509,0.606,0.0,0.0,0.0,0.0,True,False,False,False,False,False,False,False,raw_semantic_trace,dio_049c: rohe Syntaxspur mit erster Wiederkehr.
dio_05cu,2,2,False,,WAIT,focus_tone,temporal_first_contact,0.552098,-0.07751,0.378297,0.430616,0.0,0.0,0.0,0.0,True,False,False,False,False,False,False,False,raw_semantic_trace,dio_05cu: rohe Syntaxspur mit erster Wiederkehr.
dio_05e5,2,2,False,,WAIT,focus_tone,temporal_first_contact,0.077762,0.029792,0.991658,0.543008,0.0,0.0,0.0,0.0,True,False,False,False,False,False,False,False,raw_semantic_trace,dio_05e5: rohe Syntaxspur mit erster Wiederkehr.
dio_065c,2,2,False,,WAIT,focus_tone,temporal_first_contact,0.360306,-0.052504,0.385299,0.421868,0.0,0.0,0.0,0.0,True,False,False,False,False,False,False,False,raw_semantic_trace,dio_065c: rohe Syntaxspur mit erster Wiederkehr.
dio_06cx,2,2,False,,WAIT,focus_tone,temporal_first_contact,0.711963,0.291513,0.918376,0.595533,0.0,0.0,0.0,0.0,True,False,False,False,False,False,False,False,raw_semantic_trace,dio_06cx: rohe Syntaxspur mit erster Wiederkehr.
dio_06gy,2,2,False,,WAIT,focus_tone,temporal_first_contact,0.721927,-0.042866,0.987998,0.621789,0.0,0.0,0.0,0.0,True,False,False,False,False,False,False,False,raw_semantic_trace,dio_06gy: rohe Syntaxspur mit erster Wiederkehr.
dio_06jl,2,2,False,,WAIT,focus_tone,temporal_first_contact,-0.351583,-0.010137,0.397162,0.406642,0.0,0.0,0.0,0.0,True,False,False,False,False,False,False,False,raw_semantic_trace,dio_06jl: rohe Syntaxspur mit erster Wiederkehr.
dio_07lp,2,2,False,,WAIT,focus_tone,temporal_first_contact,0.366721,-0.004605,0.39871,0.426659,0.0,0.0,0.0,0.0,True,False,False,False,False,False,False,False,raw_semantic_trace,dio_07lp: rohe Syntaxspur mit erster Wiederkehr.
dio_07mb,2,2,False,,WAIT,observation_tone,temporal_first_contact,0.436401,0.079673,0.077691,0.333324,0.0,0.0,0.0,0.0,True,False,False,False,False,False,False,False,raw_semantic_trace,dio_07mb: rohe Syntaxspur mit erster Wiederkehr.
dio_080e,2,2,False,,WAIT,focus_tone,temporal_first_contact,0.840732,0.231053,0.935305,0.619098,0.0,0.0,0.0,0.0,True,False,False,False,False,False,False,False,raw_semantic_trace,dio_080e: rohe Syntaxspur mit erster Wiederkehr.
dio_095l,2,2,False,,WAIT,observation_tone,temporal_first_contact,-0.348282,-0.254384,-0.271228,0.238208,0.0,0.0,0.0,0.0,True,False,False,False,False,False,False,False,raw_semantic_trace,dio_095l: rohe Syntaxspur mit erster Wiederkehr.
dio_09ow,2,2,False,,WAIT,focus_tone,temporal_first_contact,0.766155,0.255368,0.928497,0.60676,0.0,0.0,0.0,0.0,True,False,False,False,False,False,False,False,raw_semantic_trace,dio_09ow: rohe Syntaxspur mit erster Wiederkehr.
dio_09tm,2,2,False,,WAIT,focus_tone,temporal_first_contact,0.443546,0.044223,0.387618,0.432192,0.0,0.0,0.0,0.0,True,False,False,False,False,False,False,False,raw_semantic_trace,dio_09tm: rohe Syntaxspur mit erster Wiederkehr.
dio_0a7t,2,2,False,,WAIT,focus_tone,temporal_first_contact,0.274418,0.000167,0.399953,0.405602,0.0,0.0,0.0,0.0,True,False,False,False,False,False,False,False,raw_semantic_trace,dio_0a7t: rohe Syntaxspur mit erster Wiederkehr.
dio_0ar8,2,2,False,,WAIT,focus_tone,temporal_first_contact,0.487913,0.194233,0.945615,0.574606,0.0,0.0,0.0,0.0,True,False,False,False,False,False,False,False,raw_semantic_trace,dio_0ar8: rohe Syntaxspur mit erster Wiederkehr.
dio_0avw,2,2,False,,WAIT,focus_tone,temporal_first_contact,-0.779226,-0.065502,0.981659,0.622328,0.0,0.0,0.0,0.0,True,False,False,False,False,False,False,False,raw_semantic_trace,dio_0avw: rohe Syntaxspur mit erster Wiederkehr.
dio_0azl,2,2,False,,WAIT,focus_tone,temporal_first_contact,0.439652,-0.055829,0.384368,0.417284,0.0,0.0,0.0,0.0,True,False,False,False,False,False,False,False,raw_semantic_trace,dio_0azl: rohe Syntaxspur mit erster Wiederkehr.
dio_0b2b,2,2,False,,WAIT,focus_tone,temporal_first_contact,0.34073,0.173686,0.351368,0.396231,0.0,0.0,0.0,0.0,True,False,False,False,False,False,False,False,raw_semantic_trace,dio_0b2b: rohe Syntaxspur mit erster Wiederkehr.
dio_0bde,2,2,False,,WAIT,observation_tone,temporal_first_contact,-0.004536,-0.008323,-0.20233,0.214748,0.0,0.0,0.0,0.0,True,False,False,False,False,False,False,False,raw_semantic_trace,dio_0bde: rohe Syntaxspur mit erster Wiederkehr.
dio_0cxr,2,2,False,,WAIT,focus_tone,temporal_first_contact,0.20348,-0.036614,0.989748,0.558887,0.0,0.0,0.0,0.0,True,False,False,False,False,False,False,False,raw_semantic_trace,dio_0cxr: rohe Syntaxspur mit erster Wiederkehr.
dio_0dki,2,2,False,,WAIT,focus_tone,temporal_first_contact,0.618135,0.365447,0.897675,0.565522,0.0,0.0,0.0,0.0,True,False,False,False,False,False,False,False,raw_semantic_trace,dio_0dki: rohe Syntaxspur mit erster Wiederkehr.
dio_0e02,2,2,False,,WAIT,focus_tone,temporal_first_contact,-0.270841,0.00712,0.398006,0.413921,0.0,0.0,0.0,0.0,True,False,False,False,False,False,False,False,raw_semantic_trace,dio_0e02: rohe Syntaxspur mit erster Wiederkehr.
dio_0ehw,2,2,False,,WAIT,focus_tone,temporal_first_contact,-0.329094,-0.328147,0.308119,0.393284,0.0,0.0,0.0,0.0,True,False,False,False,False,False,False,False,raw_semantic_trace,dio_0ehw: rohe Syntaxspur mit erster Wiederkehr.
dio_0eq2,2,2,False,,WAIT,observation_tone,temporal_first_contact,-0.146613,0.416012,-0.316483,0.195781,0.0,0.0,0.0,0.0,True,False,False,False,False,False,False,False,raw_semantic_trace,dio_0eq2: rohe Syntaxspur mit erster Wiederkehr.
dio_0fsp,2,2,False,,WAIT,focus_tone,temporal_first_contact,0.459915,0.268876,0.924715,0.56564,0.0,0.0,0.0,0.0,True,False,False,False,False,False,False,False,raw_semantic_trace,dio_0fsp: rohe Syntaxspur mit erster Wiederkehr.
dio_0g55,2,2,False,,WAIT,focus_tone,temporal_first_contact,-0.716916,0.075865,0.978758,0.618407,0.0,0.0,0.0,0.0,True,False,False,False,False,False,False,False,raw_semantic_trace,dio_0g55: rohe Syntaxspur mit erster Wiederkehr.
dio_0g9z,2,2,False,,WAIT,observation_tone,temporal_first_contact,-0.37363,-0.237596,-0.266527,0.242013,0.0,0.0,0.0,0.0,True,False,False,False,False,False,False,False,raw_semantic_trace,dio_0g9z: rohe Syntaxspur mit erster Wiederkehr.
dio_0gvf,2,2,False,,WAIT,focus_tone,temporal_first_contact,0.42718,0.211496,0.940781,0.565512,0.0,0.0,0.0,0.0,True,False,False,False,False,False,False,False,raw_semantic_trace,dio_0gvf: rohe Syntaxspur mit erster Wiederkehr.
dio_0haj,2,2,False,,WAIT,focus_tone,temporal_first_contact,-0.46138,-0.174601,0.351112,0.414035,0.0,0.0,0.0,0.0,True,False,False,False,False,False,False,False,raw_semantic_trace,dio_0haj: rohe Syntaxspur mit erster Wiederkehr.
dio_0hlx,2,2,False,,WAIT,focus_tone,temporal_first_contact,0.094426,0.09704,0.972829,0.538131,0.0,0.0,0.0,0.0,True,False,False,False,False,False,False,False,raw_semantic_trace,dio_0hlx: rohe Syntaxspur mit erster Wiederkehr.
dio_0i4h,2,2,False,,WAIT,focus_tone,temporal_first_contact,0.344238,0.26359,0.926195,0.552306,0.0,0.0,0.0,0.0,True,False,False,False,False,False,False,False,raw_semantic_trace,dio_0i4h: rohe Syntaxspur mit erster Wiederkehr.
dio_0icm,2,2,False,,WAIT,focus_tone,temporal_first_contact,0.328111,0.033677,0.39057,0.408546,0.0,0.0,0.0,0.0,True,False,False,False,False,False,False,False,raw_semantic_trace,dio_0icm: rohe Syntaxspur mit erster Wiederkehr.
dio_0ink,2,2,False,,WAIT,focus_tone,temporal_first_contact,0.762625,0.055959,0.984331,0.623001,0.0,0.0,0.0,0.0,True,False,False,False,False,False,False,False,raw_semantic_trace,dio_0ink: rohe Syntaxspur mit erster Wiederkehr.
dio_0iou,2,2,False,,WAIT,focus_tone,temporal_first_contact,-0.385049,-0.365192,0.297746,0.394006,0.0,0.0,0.0,0.0,True,False,False,False,False,False,False,False,raw_semantic_trace,dio_0iou: rohe Syntaxspur mit erster Wiederkehr.
dio_0ipe,2,2,False,,WAIT,focus_tone,temporal_first_contact,0.763764,-0.061121,0.982886,0.622812,0.0,0.0,0.0,0.0,True,False,False,False,False,False,False,False,raw_semantic_trace,dio_0ipe: rohe Syntaxspur mit erster Wiederkehr.
dio_0irs,2,2,False,,WAIT,focus_tone,temporal_first_contact,0.347464,-0.02424,0.993213,0.579063,0.0,0.0,0.0,0.0,True,False,False,False,False,False,False,False,raw_semantic_trace,dio_0irs: rohe Syntaxspur mit erster Wiederkehr.
dio_0j34,2,2,False,,WAIT,focus_tone,temporal_first_contact,0.170315,-0.065859,0.981559,0.553196,0.0,0.0,0.0,0.0,True,False,False,False,False,False,False,False,raw_semantic_trace,dio_0j34: rohe Syntaxspur mit erster Wiederkehr.
dio_0j8d,2,2,False,,WAIT,observation_tone,temporal_first_contact,0.194347,-0.049582,-0.213883,0.237995,0.0,0.0,0.0,0.0,True,False,False,False,False,False,False,False,raw_semantic_trace,dio_0j8d: rohe Syntaxspur mit erster Wiederkehr.
dio_0jcg,2,2,False,,WAIT,focus_tone,temporal_first_contact,0.313905,0.046728,0.386916,0.404434,0.0,0.0,0.0,0.0,True,False,False,False,False,False,False,False,raw_semantic_trace,dio_0jcg: rohe Syntaxspur mit erster Wiederkehr.
dio_0jg9,2,2,False,,WAIT,observation_tone,temporal_first_contact,0.172462,-0.142489,-0.239897,0.231824,0.0,0.0,0.0,0.0,True,False,False,False,False,False,False,False,raw_semantic_trace,dio_0jg9: rohe Syntaxspur mit erster Wiederkehr.
dio_0jgk,2,2,False,,WAIT,observation_tone,temporal_first_contact,0.516512,0.140896,-0.239451,0.271999,0.0,0.0,0.0,0.0,True,False,False,False,False,False,False,False,raw_semantic_trace,dio_0jgk: rohe Syntaxspur mit erster Wiederkehr.
dio_0jp7,2,2,False,,WAIT,focus_tone,temporal_first_contact,-0.401043,-0.353873,0.300916,0.39963,0.0,0.0,0.0,0.0,True,False,False,False,False,False,False,False,raw_semantic_trace,dio_0jp7: rohe Syntaxspur mit erster Wiederkehr.
dio_0jx1,2,2,False,,WAIT,focus_tone,temporal_first_contact,-0.422391,0.04243,0.38812,0.408798,0.0,0.0,0.0,0.0,True,False,False,False,False,False,False,False,raw_semantic_trace,dio_0jx1: rohe Syntaxspur mit erster Wiederkehr.
dio_0k0f,2,2,False,,WAIT,focus_tone,temporal_first_contact,-0.733732,-0.013141,0.696321,0.537792,0.0,0.0,0.0,0.0,True,False,False,False,False,False,False,False,raw_semantic_trace,dio_0k0f: rohe Syntaxspur mit erster Wiederkehr.
dio_0kae,2,2,False,,WAIT,observation_tone,temporal_first_contact,-0.223948,-0.146208,-0.240938,0.236754,0.0,0.0,0.0,0.0,True,False,False,False,False,False,False,False,raw_semantic_trace,dio_0kae: rohe Syntaxspur mit erster Wiederkehr.
dio_0kom,2,2,False,,WAIT,focus_tone,temporal_first_contact,-0.707976,-0.030962,0.391331,0.461519,0.0,0.0,0.0,0.0,True,False,False,False,False,False,False,False,raw_semantic_trace,dio_0kom: rohe Syntaxspur mit erster Wiederkehr.
dio_0kw1,2,2,False,,WAIT,observation_tone,temporal_first_contact,0.170012,0.059289,-0.216601,0.239031,0.0,0.0,0.0,0.0,True,False,False,False,False,False,False,False,raw_semantic_trace,dio_0kw1: rohe Syntaxspur mit erster Wiederkehr.
dio_0l06,2,2,False,,WAIT,focus_tone,temporal_first_contact,0.448207,-0.33535,0.906102,0.559319,0.0,0.0,0.0,0.0,True,False,False,False,False,False,False,False,raw_semantic_trace,dio_0l06: rohe Syntaxspur mit erster Wiederkehr.
dio_0l9d,2,2,False,,WAIT,observation_tone,temporal_first_contact,-0.330033,-0.147058,-0.241176,0.246671,0.0,0.0,0.0,0.0,True,False,False,False,False,False,False,False,raw_semantic_trace,dio_0l9d: rohe Syntaxspur mit erster Wiederkehr.
dio_0lf6,2,2,False,,WAIT,focus_tone,temporal_first_contact,0.387775,-0.245722,0.331198,0.409192,0.0,0.0,0.0,0.0,True,False,False,False,False,False,False,False,raw_semantic_trace,dio_0lf6: rohe Syntaxspur mit erster Wiederkehr.
dio_0mtr,2,2,False,,WAIT,focus_tone,temporal_first_contact,0.577886,0.351062,0.901703,0.564096,0.0,0.0,0.0,0.0,True,False,False,False,False,False,False,False,raw_semantic_trace,dio_0mtr: rohe Syntaxspur mit erster Wiederkehr.
dio_0n6e,2,2,False,,WAIT,observation_tone,temporal_first_contact,-0.311142,0.453901,0.072908,0.315693,0.0,0.0,0.0,0.0,True,False,False,False,False,False,False,False,raw_semantic_trace,dio_0n6e: rohe Syntaxspur mit erster Wiederkehr.
dio_0ngs,2,2,False,,WAIT,focus_tone,temporal_first_contact,0.19996,0.11861,0.966789,0.552794,0.0,0.0,0.0,0.0,True,False,False,False,False,False,False,False,raw_semantic_trace,dio_0ngs: rohe Syntaxspur mit erster Wiederkehr.
dio_0ni1,2,2,False,,WAIT,focus_tone,temporal_first_contact,0.649868,0.380268,0.893525,0.565737,0.0,0.0,0.0,0.0,True,False,False,False,False,False,False,False,raw_semantic_trace,dio_0ni1: rohe Syntaxspur mit erster Wiederkehr.
dio_0nki,2,2,False,,WAIT,observation_tone,temporal_first_contact,0.032925,0.072342,-0.220256,0.213486,0.0,0.0,0.0,0.0,True,False,False,False,False,False,False,False,raw_semantic_trace,dio_0nki: rohe Syntaxspur mit erster Wiederkehr.
dio_0nmw,2,2,False,,WAIT,focus_tone,temporal_first_contact,0.454821,-0.04309,0.387935,0.431798,0.0,0.0,0.0,0.0,True,False,False,False,False,False,False,False,raw_semantic_trace,dio_0nmw: rohe Syntaxspur mit erster Wiederkehr.
dio_0nrp,2,2,False,,WAIT,observation_tone,temporal_first_contact,-0.305494,0.333555,0.106605,0.325007,0.0,0.0,0.0,0.0,True,False,False,False,False,False,False,False,raw_semantic_trace,dio_0nrp: rohe Syntaxspur mit erster Wiederkehr.
dio_0nvd,2,2,False,,WAIT,focus_tone,temporal_first_contact,0.596336,-0.062832,0.982407,0.603993,0.0,0.0,0.0,0.0,True,False,False,False,False,False,False,False,raw_semantic_trace,dio_0nvd: rohe Syntaxspur mit erster Wiederkehr.
dio_0ocp,2,2,False,,WAIT,focus_tone,temporal_first_contact,0.159248,-0.073611,0.979389,0.550589,0.0,0.0,0.0,0.0,True,False,False,False,False,False,False,False,raw_semantic_trace,dio_0ocp: rohe Syntaxspur mit erster Wiederkehr.
dio_0ocv,2,2,False,,WAIT,observation_tone,temporal_first_contact,0.03332,-0.053798,-0.215063,0.223875,0.0,0.0,0.0,0.0,True,False,False,False,False,False,False,False,raw_semantic_trace,dio_0ocv: rohe Syntaxspur mit erster Wiederkehr.
dio_0omt,2,2,False,,WAIT,focus_tone,temporal_first_contact,0.386624,-0.301442,0.315596,0.403693,0.0,0.0,0.0,0.0,True,False,False,False,False,False,False,False,raw_semantic_trace,dio_0omt: rohe Syntaxspur mit erster Wiederkehr.
dio_0q3d,2,2,False,,WAIT,focus_tone,temporal_first_contact,0.631688,-0.071171,0.980072,0.607074,0.0,0.0,0.0,0.0,True,False,False,False,False,False,False,False,raw_semantic_trace,dio_0q3d: rohe Syntaxspur mit erster Wiederkehr.
dio_0q3v,2,2,False,,WAIT,observation_tone,temporal_first_contact,-0.161888,-0.122628,-0.234336,0.231663,0.0,0.0,0.0,0.0,True,False,False,False,False,False,False,False,raw_semantic_trace,dio_0q3v: rohe Syntaxspur mit erster Wiederkehr.
dio_0qcz,2,2,False,,WAIT,focus_tone,temporal_first_contact,0.235215,0.22071,0.338201,0.383489,0.0,0.0,0.0,0.0,True,False,False,False,False,False,False,False,raw_semantic_trace,dio_0qcz: rohe Syntaxspur mit erster Wiederkehr.
dio_0qjm,2,2,False,,WAIT,focus_tone,temporal_first_contact,0.264971,-0.160345,0.355103,0.401969,0.0,0.0,0.0,0.0,True,False,False,False,False,False,False,False,raw_semantic_trace,dio_0qjm: rohe Syntaxspur mit erster Wiederkehr.
dio_0r29,2,2,False,,WAIT,observation_tone,temporal_first_contact,0.149313,0.12925,-0.23619,0.227605,0.0,0.0,0.0,0.0,True,False,False,False,False,False,False,False,raw_semantic_trace,dio_0r29: rohe Syntaxspur mit erster Wiederkehr.
dio_0r90,2,2,False,,WAIT,focus_tone,temporal_first_contact,-0.568939,-0.015233,0.395735,0.432606,0.0,0.0,0.0,0.0,True,False,False,False,False,False,False,False,raw_semantic_trace,dio_0r90: rohe Syntaxspur mit erster Wiederkehr.
dio_0rt8,2,2,False,,WAIT,focus_tone,temporal_first_contact,-0.160421,0.15454,0.356729,0.379201,0.0,0.0,0.0,0.0,True,False,False,False,False,False,False,False,raw_semantic_trace,dio_0rt8: rohe Syntaxspur mit erster Wiederkehr.
dio_0rwa,2,2,False,,WAIT,focus_tone,temporal_first_contact,0.487621,0.403394,0.88705,0.551178,0.0,0.0,0.0,0.0,True,False,False,False,False,False,False,False,raw_semantic_trace,dio_0rwa: rohe Syntaxspur mit erster Wiederkehr.
dio_0scd,2,2,False,,WAIT,focus_tone,temporal_first_contact,0.430373,-0.015971,0.395528,0.432583,0.0,0.0,0.0,0.0,True,False,False,False,False,False,False,False,raw_semantic_trace,dio_0scd: rohe Syntaxspur mit erster Wiederkehr.
dio_0sou,2,2,False,,WAIT,focus_tone,temporal_first_contact,0.482186,-0.201172,0.343672,0.416526,0.0,0.0,0.0,0.0,True,False,False,False,False,False,False,False,raw_semantic_trace,dio_0sou: rohe Syntaxspur mit erster Wiederkehr.
dio_0t61,2,2,False,,WAIT,observation_tone,temporal_first_contact,0.170382,0.053407,-0.214954,0.239258,0.0,0.0,0.0,0.0,True,False,False,False,False,False,False,False,raw_semantic_trace,dio_0t61: rohe Syntaxspur mit erster Wiederkehr.
dio_0trg,2,2,False,,WAIT,observation_tone,temporal_first_contact,-0.527567,0.401042,0.287708,0.402173,0.0,0.0,0.0,0.0,True,False,False,False,False,False,False,False,raw_semantic_trace,dio_0trg: rohe Syntaxspur mit erster Wiederkehr.
dio_0ux0,2,2,False,,WAIT,observation_tone,temporal_first_contact,0.593732,-0.077427,0.078321,0.356909,0.0,0.0,0.0,0.0,True,False,False,False,False,False,False,False,raw_semantic_trace,dio_0ux0: rohe Syntaxspur mit erster Wiederkehr.
dio_0v3a,2,2,False,,WAIT,observation_tone,temporal_first_contact,0.0,0.010176,-0.202849,0.222315,0.0,0.0,0.0,0.0,True,False,False,False,False,False,False,False,raw_semantic_trace,dio_0v3a: rohe Syntaxspur mit erster Wiederkehr.
dio_0vn1,2,2,False,,WAIT,focus_tone,temporal_first_contact,0.494326,-0.025543,0.392848,0.437123,0.0,0.0,0.0,0.0,True,False,False,False,False,False,False,False,raw_semantic_trace,dio_0vn1: rohe Syntaxspur mit erster Wiederkehr.
dio_0w16,2,2,False,,WAIT,focus_tone,temporal_first_contact,0.878655,0.057181,0.983989,0.639398,0.0,0.0,0.0,0.0,True,False,False,False,False,False,False,False,raw_semantic_trace,dio_0w16: rohe Syntaxspur mit erster Wiederkehr.
dio_0w4x,2,2,False,,WAIT,observation_tone,temporal_first_contact,-0.038386,-0.073525,-0.220587,0.222678,0.0,0.0,0.0,0.0,True,False,False,False,False,False,False,False,raw_semantic_trace,dio_0w4x: rohe Syntaxspur mit erster Wiederkehr.
dio_0w8h,2,2,False,,WAIT,focus_tone,temporal_first_contact,0.580758,0.290613,0.918628,0.569138,0.0,0.0,0.0,0.0,True,False,False,False,False,False,False,False,raw_semantic_trace,dio_0w8h: rohe Syntaxspur mit erster Wiederkehr.
dio_0wxw,2,2,False,,WAIT,observation_tone,temporal_first_contact,-0.114099,0.430546,-0.320553,0.190407,0.0,0.0,0.0,0.0,True,False,False,False,False,False,False,False,raw_semantic_trace,dio_0wxw: rohe Syntaxspur mit erster Wiederkehr.
dio_0x52,2,2,False,,WAIT,focus_tone,temporal_first_contact,0.077786,0.064763,0.981866,0.539843,0.0,0.0,0.0,0.0,True,False,False,False,False,False,False,False,raw_semantic_trace,dio_0x52: rohe Syntaxspur mit erster Wiederkehr.
dio_0x5c,2,2,False,,WAIT,observation_tone,temporal_first_contact,0.043663,0.312731,-0.287565,0.193215,0.0,0.0,0.0,0.0,True,False,False,False,False,False,False,False,raw_semantic_trace,dio_0x5c: rohe Syntaxspur mit erster Wiederkehr.
dio_0x9y,2,2,False,,WAIT,focus_tone,temporal_first_contact,-0.472364,-0.196833,0.344887,0.414119,0.0,0.0,0.0,0.0,True,False,False,False,False,False,False,False,raw_semantic_trace,dio_0x9y: rohe Syntaxspur mit erster Wiederkehr.
dio_0xkp,2,2,False,,WAIT,observation_tone,temporal_first_contact,-0.313593,-0.234363,-0.265622,0.236699,0.0,0.0,0.0,0.0,True,False,False,False,False,False,False,False,raw_semantic_trace,dio_0xkp: rohe Syntaxspur mit erster Wiederkehr.
dio_0xyz,2,2,False,,WAIT,observation_tone,temporal_first_contact,0.152073,-0.188211,-0.252699,0.225177,0.0,0.0,0.0,0.0,True,False,False,False,False,False,False,False,raw_semantic_trace,dio_0xyz: rohe Syntaxspur mit erster Wiederkehr.
dio_0z2v,2,2,False,,WAIT,observation_tone,temporal_first_contact,-0.054445,-0.005147,-0.201441,0.220161,0.0,0.0,0.0,0.0,True,False,False,False,False,False,False,False,raw_semantic_trace,dio_0z2v: rohe Syntaxspur mit erster Wiederkehr.
dio_0zkk,2,2,False,,WAIT,focus_tone,temporal_first_contact,-0.722923,-0.04667,0.386933,0.463255,0.0,0.0,0.0,0.0,True,False,False,False,False,False,False,False,raw_semantic_trace,dio_0zkk: rohe Syntaxspur mit erster Wiederkehr.
dio_0zl6,2,2,False,,WAIT,observation_tone,temporal_first_contact,-0.296853,0.350102,-0.298029,0.22111,0.0,0.0,0.0,0.0,True,False,False,False,False,False,False,False,raw_semantic_trace,dio_0zl6: rohe Syntaxspur mit erster Wiederkehr.
dio_0zmy,2,2,False,,WAIT,focus_tone,temporal_first_contact,0.800671,0.042023,0.988234,0.629347,0.0,0.0,0.0,0.0,True,False,False,False,False,False,False,False,raw_semantic_trace,dio_0zmy: rohe Syntaxspur mit erster Wiederkehr.
dio_0zoq,2,2,False,,WAIT,observation_tone,temporal_first_contact,0.180891,0.200308,-0.256086,0.227708,0.0,0.0,0.0,0.0,True,False,False,False,False,False,False,False,raw_semantic_trace,dio_0zoq: rohe Syntaxspur mit erster Wiederkehr.
dio_101r,2,2,False,,WAIT,focus_tone,temporal_first_contact,0.038115,0.326243,0.308652,0.354736,0.0,0.0,0.0,0.0,True,False,False,False,False,False,False,False,raw_semantic_trace,dio_101r: rohe Syntaxspur mit erster Wiederkehr.
dio_106t,2,2,False,,WAIT,focus_tone,temporal_first_contact,0.095139,0.368767,0.296745,0.358049,0.0,0.0,0.0,0.0,True,False,False,False,False,False,False,False,raw_semantic_trace,dio_106t: rohe Syntaxspur mit erster Wiederkehr.
dio_108f,2,2,False,,WAIT,observation_tone,temporal_first_contact,-0.270357,-0.239178,-0.26697,0.232088,0.0,0.0,0.0,0.0,True,False,False,False,False,False,False,False,raw_semantic_trace,dio_108f: rohe Syntaxspur mit erster Wiederkehr.
dio_10gp,2,2,False,,WAIT,focus_tone,temporal_first_contact,-0.424962,-0.181952,0.349053,0.410581,0.0,0.0,0.0,0.0,True,False,False,False,False,False,False,False,raw_semantic_trace,dio_10gp: rohe Syntaxspur mit erster Wiederkehr.
dio_10q6,2,2,False,,WAIT,focus_tone,temporal_first_contact,0.401659,-0.014348,0.395983,0.422562,0.0,0.0,0.0,0.0,True,False,False,False,False,False,False,False,raw_semantic_trace,dio_10q6: rohe Syntaxspur mit erster Wiederkehr.
dio_10ra,2,2,False,,WAIT,observation_tone,temporal_first_contact,-0.318496,-0.027689,0.092247,0.322461,0.0,0.0,0.0,0.0,True,False,False,False,False,False,False,False,raw_semantic_trace,dio_10ra: rohe Syntaxspur mit erster Wiederkehr.
dio_10xx,2,2,False,,WAIT,focus_tone,temporal_first_contact,-0.750825,-0.062281,0.982561,0.61421,0.0,0.0,0.0,0.0,True,False,False,False,False,False,False,False,raw_semantic_trace,dio_10xx: rohe Syntaxspur mit erster Wiederkehr.
dio_114i,2,2,False,,WAIT,focus_tone,temporal_first_contact,0.674137,0.040309,0.988713,0.613419,0.0,0.0,0.0,0.0,True,False,False,False,False,False,False,False,raw_semantic_trace,dio_114i: rohe Syntaxspur mit erster Wiederkehr.
dio_11e2,2,2,False,,WAIT,observation_tone,temporal_first_contact,0.163881,0.015825,-0.204431,0.237975,0.0,0.0,0.0,0.0,True,False,False,False,False,False,False,False,raw_semantic_trace,dio_11e2: rohe Syntaxspur mit erster Wiederkehr.
dio_11ex,2,2,False,,WAIT,focus_tone,temporal_first_contact,0.738492,0.151875,0.957475,0.613854,0.0,0.0,0.0,0.0,True,False,False,False,False,False,False,False,raw_semantic_trace,dio_11ex: rohe Syntaxspur mit erster Wiederkehr.
dio_11nj,2,2,False,,WAIT,focus_tone,temporal_first_contact,0.213886,0.168846,0.352723,0.385592,0.0,0.0,0.0,0.0,True,False,False,False,False,False,False,False,raw_semantic_trace,dio_11nj: rohe Syntaxspur mit erster Wiederkehr.
dio_12sg,2,2,False,,WAIT,focus_tone,temporal_first_contact,0.59453,-0.056634,0.984142,0.604872,0.0,0.0,0.0,0.0,True,False,False,False,False,False,False,False,raw_semantic_trace,dio_12sg: rohe Syntaxspur mit erster Wiederkehr.
dio_12xx,2,2,False,,WAIT,focus_tone,temporal_first_contact,0.457997,-0.038789,0.389139,0.42101,0.0,0.0,0.0,0.0,True,False,False,False,False,False,False,False,raw_semantic_trace,dio_12xx: rohe Syntaxspur mit erster Wiederkehr.
dio_13v0,2,2,False,,WAIT,focus_tone,temporal_first_contact,0.370334,-0.350818,0.301771,0.39595,0.0,0.0,0.0,0.0,True,False,False,False,False,False,False,False,raw_semantic_trace,dio_13v0: rohe Syntaxspur mit erster Wiederkehr.
dio_14ai,2,2,False,,WAIT,focus_tone,temporal_first_contact,0.376629,-0.23174,0.335113,0.408754,0.0,0.0,0.0,0.0,True,False,False,False,False,False,False,False,raw_semantic_trace,dio_14ai: rohe Syntaxspur mit erster Wiederkehr.
dio_14eb,2,2,False,,WAIT,focus_tone,temporal_first_contact,0.862368,0.114915,0.967824,0.630346,0.0,0.0,0.0,0.0,True,False,False,False,False,False,False,False,raw_semantic_trace,dio_14eb: rohe Syntaxspur mit erster Wiederkehr.
dio_14zz,2,2,False,,WAIT,observation_tone,temporal_first_contact,0.348189,0.091195,-0.225535,0.242589,0.0,0.0,0.0,0.0,True,False,False,False,False,False,False,False,raw_semantic_trace,dio_14zz: rohe Syntaxspur mit erster Wiederkehr.
dio_151h,2,2,False,,WAIT,focus_tone,temporal_first_contact,0.951581,0.090968,0.974529,0.642147,0.0,0.0,0.0,0.0,True,False,False,False,False,False,False,False,raw_semantic_trace,dio_151h: rohe Syntaxspur mit erster Wiederkehr.
dio_155e,2,2,False,,WAIT,focus_tone,temporal_first_contact,0.884678,0.15452,0.956734,0.63044,0.0,0.0,0.0,0.0,True,False,False,False,False,False,False,False,raw_semantic_trace,dio_155e: rohe Syntaxspur mit erster Wiederkehr.
dio_1575,2,2,False,,WAIT,focus_tone,temporal_first_contact,-0.385689,-0.349348,0.302183,0.395968,0.0,0.0,0.0,0.0,True,False,False,False,False,False,False,False,raw_semantic_trace,dio_1575: rohe Syntaxspur mit erster Wiederkehr.
dio_159y,2,2,False,,WAIT,observation_tone,temporal_first_contact,0.392326,0.085301,-0.223884,0.24981,0.0,0.0,0.0,0.0,True,False,False,False,False,False,False,False,raw_semantic_trace,dio_159y: rohe Syntaxspur mit erster Wiederkehr.
dio_15e5,2,2,False,,WAIT,focus_tone,temporal_first_contact,0.465807,-0.334484,0.906345,0.560444,0.0,0.0,0.0,0.0,True,False,False,False,False,False,False,False,raw_semantic_trace,dio_15e5: rohe Syntaxspur mit erster Wiederkehr.
dio_15hw,2,2,False,,WAIT,focus_tone,temporal_first_contact,0.661843,0.431468,0.879189,0.562982,0.0,0.0,0.0,0.0,True,False,False,False,False,False,False,False,raw_semantic_trace,dio_15hw: rohe Syntaxspur mit erster Wiederkehr.
dio_15lu,2,2,False,,WAIT,focus_tone,temporal_first_contact,-0.510907,0.022235,0.393774,0.42222,0.0,0.0,0.0,0.0,True,False,False,False,False,False,False,False,raw_semantic_trace,dio_15lu: rohe Syntaxspur mit erster Wiederkehr.
dio_15rg,2,2,False,,WAIT,focus_tone,temporal_first_contact,0.255841,-0.078851,0.377922,0.401373,0.0,0.0,0.0,0.0,True,False,False,False,False,False,False,False,raw_semantic_trace,dio_15rg: rohe Syntaxspur mit erster Wiederkehr.
dio_15u1,2,2,False,,WAIT,observation_tone,temporal_first_contact,0.359207,0.104094,-0.229146,0.243939,0.0,0.0,0.0,0.0,True,False,False,False,False,False,False,False,raw_semantic_trace,dio_15u1: rohe Syntaxspur mit erster Wiederkehr.
dio_1635,2,2,False,,WAIT,focus_tone,temporal_first_contact,-0.692795,-0.117525,0.967093,0.602824,0.0,0.0,0.0,0.0,True,False,False,False,False,False,False,False,raw_semantic_trace,dio_1635: rohe Syntaxspur mit erster Wiederkehr.
dio_1667,2,2,False,,WAIT,focus_tone,temporal_first_contact,-0.316836,-0.292643,0.31806,0.395321,0.0,0.0,0.0,0.0,True,False,False,False,False,False,False,False,raw_semantic_trace,dio_1667: rohe Syntaxspur mit erster Wiederkehr.
dio_169q,2,2,False,,WAIT,focus_tone,temporal_first_contact,0.420316,0.235209,0.934141,0.564712,0.0,0.0,0.0,0.0,True,False,False,False,False,False,False,False,raw_semantic_trace,dio_169q: rohe Syntaxspur mit erster Wiederkehr.
dio_16y1,2,2,False,,WAIT,focus_tone,temporal_first_contact,-0.820663,-0.136465,0.96179,0.621314,0.0,0.0,0.0,0.0,True,False,False,False,False,False,False,False,raw_semantic_trace,dio_16y1: rohe Syntaxspur mit erster Wiederkehr.
dio_171c,2,2,False,,WAIT,focus_tone,temporal_first_contact,0.339488,-0.038997,0.389081,0.42171,0.0,0.0,0.0,0.0,True,False,False,False,False,False,False,False,raw_semantic_trace,dio_171c: rohe Syntaxspur mit erster Wiederkehr.
dio_175v,2,2,False,,WAIT,focus_tone,temporal_first_contact,0.03301,0.23818,0.33331,0.360285,0.0,0.0,0.0,0.0,True,False,False,False,False,False,False,False,raw_semantic_trace,dio_175v: rohe Syntaxspur mit erster Wiederkehr.
dio_17jb,2,2,False,,WAIT,focus_tone,temporal_first_contact,0.34975,0.033701,0.390564,0.410977,0.0,0.0,0.0,0.0,True,False,False,False,False,False,False,False,raw_semantic_trace,dio_17jb: rohe Syntaxspur mit erster Wiederkehr.
dio_17x0,2,2,False,,WAIT,focus_tone,temporal_first_contact,-0.010987,0.361836,0.298686,0.345098,0.0,0.0,0.0,0.0,True,False,False,False,False,False,False,False,raw_semantic_trace,dio_17x0: rohe Syntaxspur mit erster Wiederkehr.
dio_17xf,2,2,False,,WAIT,focus_tone,temporal_first_contact,-0.771143,-0.062593,0.982474,0.621386,0.0,0.0,0.0,0.0,True,False,False,False,False,False,False,False,raw_semantic_trace,dio_17xf: rohe Syntaxspur mit erster Wiederkehr.
dio_184u,2,2,False,,WAIT,focus_tone,temporal_first_contact,-0.054881,0.37511,0.294969,0.348508,0.0,0.0,0.0,0.0,True,False,False,False,False,False,False,False,raw_semantic_trace,dio_184u: rohe Syntaxspur mit erster Wiederkehr.
dio_19b6,2,2,False,,WAIT,focus_tone,temporal_first_contact,0.0388,-0.149517,0.358135,0.373466,0.0,0.0,0.0,0.0,True,False,False,False,False,False,False,False,raw_semantic_trace,dio_19b6: rohe Syntaxspur mit erster Wiederkehr.
dio_19v2,2,2,False,,WAIT,focus_tone,temporal_first_contact,0.111973,0.312741,0.312432,0.365779,0.0,0.0,0.0,0.0,True,False,False,False,False,False,False,False,raw_semantic_trace,dio_19v2: rohe Syntaxspur mit erster Wiederkehr.
dio_19x7,2,2,False,,WAIT,focus_tone,temporal_first_contact,-0.384487,-0.330326,0.307509,0.400217,0.0,0.0,0.0,0.0,True,False,False,False,False,False,False,False,raw_semantic_trace,dio_19x7: rohe Syntaxspur mit erster Wiederkehr.
dio_1a18,2,2,False,,WAIT,focus_tone,temporal_first_contact,-0.470082,-0.19527,0.345324,0.413348,0.0,0.0,0.0,0.0,True,False,False,False,False,False,False,False,raw_semantic_trace,dio_1a18: rohe Syntaxspur mit erster Wiederkehr.
dio_1a1w,2,2,False,,WAIT,focus_tone,temporal_first_contact,0.533055,0.337784,0.90542,0.569579,0.0,0.0,0.0,0.0,True,False,False,False,False,False,False,False,raw_semantic_trace,dio_1a1w: rohe Syntaxspur mit erster Wiederkehr.
dio_1abl,2,2,False,,WAIT,observation_tone,temporal_first_contact,0.484205,-0.00623,-0.201744,0.271139,0.0,0.0,0.0,0.0,True,False,False,False,False,False,False,False,raw_semantic_trace,dio_1abl: rohe Syntaxspur mit erster Wiederkehr.
dio_1aqj,2,2,False,,WAIT,focus_tone,temporal_first_contact,-0.384563,-0.049075,0.386259,0.407449,0.0,0.0,0.0,0.0,True,False,False,False,False,False,False,False,raw_semantic_trace,dio_1aqj: rohe Syntaxspur mit erster Wiederkehr.
dio_1are,2,2,False,,WAIT,focus_tone,temporal_first_contact,0.398963,0.264936,0.925818,0.559903,0.0,0.0,0.0,0.0,True,False,False,False,False,False,False,False,raw_semantic_trace,dio_1are: rohe Syntaxspur mit erster Wiederkehr.
dio_1b5c,2,2,False,,WAIT,observation_tone,temporal_first_contact,0.010889,-0.059737,-0.216726,0.21035,0.0,0.0,0.0,0.0,True,False,False,False,False,False,False,False,raw_semantic_trace,dio_1b5c: rohe Syntaxspur mit erster Wiederkehr.
dio_1bi7,2,2,False,,WAIT,focus_tone,temporal_first_contact,-0.01105,-0.202687,0.343248,0.363553,0.0,0.0,0.0,0.0,True,False,False,False,False,False,False,False,raw_semantic_trace,dio_1bi7: rohe Syntaxspur mit erster Wiederkehr.
dio_1c4a,2,2,False,,WAIT,focus_tone,temporal_first_contact,-0.010986,0.371479,0.295986,0.343887,0.0,0.0,0.0,0.0,True,False,False,False,False,False,False,False,raw_semantic_trace,dio_1c4a: rohe Syntaxspur mit erster Wiederkehr.
dio_1chc,2,2,False,,WAIT,focus_tone,temporal_first_contact,0.702748,0.209179,0.94143,0.599362,0.0,0.0,0.0,0.0,True,False,False,False,False,False,False,False,raw_semantic_trace,dio_1chc: rohe Syntaxspur mit erster Wiederkehr.
dio_1cln,2,2,False,,WAIT,observation_tone,temporal_first_contact,0.294238,0.165952,-0.246466,0.22877,0.0,0.0,0.0,0.0,True,False,False,False,False,False,False,False,raw_semantic_trace,dio_1cln: rohe Syntaxspur mit erster Wiederkehr.
dio_1cmt,2,2,False,,WAIT,observation_tone,temporal_first_contact,-0.162713,0.450374,-0.326105,0.193885,0.0,0.0,0.0,0.0,True,False,False,False,False,False,False,False,raw_semantic_trace,dio_1cmt: rohe Syntaxspur mit erster Wiederkehr.
dio_1dkd,2,2,False,,WAIT,observation_tone,temporal_first_contact,0.321836,0.158823,-0.244471,0.232955,0.0,0.0,0.0,0.0,True,False,False,False,False,False,False,False,raw_semantic_trace,dio_1dkd: rohe Syntaxspur mit erster Wiederkehr.
dio_1dl4,2,2,False,,WAIT,focus_tone,temporal_first_contact,-0.187968,0.129802,0.363655,0.383517,0.0,0.0,0.0,0.0,True,False,False,False,False,False,False,False,raw_semantic_trace,dio_1dl4: rohe Syntaxspur mit erster Wiederkehr.
dio_1dra,2,2,False,,WAIT,focus_tone,temporal_first_contact,0.336767,-0.201153,0.943677,0.558525,0.0,0.0,0.0,0.0,True,False,False,False,False,False,False,False,raw_semantic_trace,dio_1dra: rohe Syntaxspur mit erster Wiederkehr.
dio_1e9s,2,2,False,,WAIT,focus_tone,temporal_first_contact,-0.594326,0.306891,0.314071,0.419699,0.0,0.0,0.0,0.0,True,False,False,False,False,False,False,False,raw_semantic_trace,dio_1e9s: rohe Syntaxspur mit erster Wiederkehr.
dio_1eaf,2,2,False,,WAIT,focus_tone,temporal_first_contact,0.476159,0.288712,0.919161,0.565453,0.0,0.0,0.0,0.0,True,False,False,False,False,False,False,False,raw_semantic_trace,dio_1eaf: rohe Syntaxspur mit erster Wiederkehr.
dio_1ee7,2,2,False,,WAIT,focus_tone,temporal_first_contact,0.52009,0.130696,0.963405,0.585762,0.0,0.0,0.0,0.0,True,False,False,False,False,False,False,False,raw_semantic_trace,dio_1ee7: rohe Syntaxspur mit erster Wiederkehr.
dio_1ekr,2,2,False,,WAIT,focus_tone,temporal_first_contact,-0.787865,-0.05124,0.985653,0.623929,0.0,0.0,0.0,0.0,True,False,False,False,False,False,False,False,raw_semantic_trace,dio_1ekr: rohe Syntaxspur mit erster Wiederkehr.
dio_1exx,2,2,False,,WAIT,observation_tone,temporal_first_contact,-0.0056,0.040257,-0.211272,0.216511,0.0,0.0,0.0,0.0,True,False,False,False,False,False,False,False,raw_semantic_trace,dio_1exx: rohe Syntaxspur mit erster Wiederkehr.
dio_1fck,2,2,False,,WAIT,focus_tone,temporal_first_contact,-0.782551,-0.054027,0.984873,0.621385,0.0,0.0,0.0,0.0,True,False,False,False,False,False,False,False,raw_semantic_trace,dio_1fck: rohe Syntaxspur mit erster Wiederkehr.
dio_1ffn,2,2,False,,WAIT,observation_tone,temporal_first_contact,-0.31471,0.461066,0.070902,0.314882,0.0,0.0,0.0,0.0,True,False,False,False,False,False,False,False,raw_semantic_trace,dio_1ffn: rohe Syntaxspur mit erster Wiederkehr.
dio_1g16,2,2,False,,WAIT,observation_tone,temporal_first_contact,0.067279,-0.050217,-0.214061,0.230796,0.0,0.0,0.0,0.0,True,False,False,False,False,False,False,False,raw_semantic_trace,dio_1g16: rohe Syntaxspur mit erster Wiederkehr.
dio_1g2y,2,2,False,,WAIT,focus_tone,temporal_first_contact,-0.84743,-0.028187,0.992108,0.634427,0.0,0.0,0.0,0.0,True,False,False,False,False,False,False,False,raw_semantic_trace,dio_1g2y: rohe Syntaxspur mit erster Wiederkehr.
dio_1gad,2,2,False,,WAIT,focus_tone,temporal_first_contact,0.709529,-0.032991,0.390763,0.448028,0.0,0.0,0.0,0.0,True,False,False,False,False,False,False,False,raw_semantic_trace,dio_1gad: rohe Syntaxspur mit erster Wiederkehr.
dio_1gig,2,2,False,,WAIT,observation_tone,temporal_first_contact,0.296198,0.177197,-0.249615,0.229662,0.0,0.0,0.0,0.0,True,False,False,False,False,False,False,False,raw_semantic_trace,dio_1gig: rohe Syntaxspur mit erster Wiederkehr.
dio_1h0p,2,2,False,,WAIT,focus_tone,temporal_first_contact,-0.29002,-0.073805,0.379335,0.394889,0.0,0.0,0.0,0.0,True,False,False,False,False,False,False,False,raw_semantic_trace,dio_1h0p: rohe Syntaxspur mit erster Wiederkehr.
dio_1i05,2,2,False,,WAIT,observation_tone,temporal_first_contact,-0.294415,0.462553,0.070485,0.312491,0.0,0.0,0.0,0.0,True,False,False,False,False,False,False,False,raw_semantic_trace,dio_1i05: rohe Syntaxspur mit erster Wiederkehr.
dio_1ipn,2,2,False,,WAIT,observation_tone,temporal_first_contact,0.163383,-0.212711,-0.259559,0.224451,0.0,0.0,0.0,0.0,True,False,False,False,False,False,False,False,raw_semantic_trace,dio_1ipn: rohe Syntaxspur mit erster Wiederkehr.
dio_1j58,2,2,False,,WAIT,observation_tone,temporal_first_contact,-0.531321,0.386657,0.291736,0.403737,0.0,0.0,0.0,0.0,True,False,False,False,False,False,False,False,raw_semantic_trace,dio_1j58: rohe Syntaxspur mit erster Wiederkehr.
dio_1jfw,2,2,False,,WAIT,focus_tone,temporal_first_contact,-0.43342,0.042039,0.388229,0.411056,0.0,0.0,0.0,0.0,True,False,False,False,False,False,False,False,raw_semantic_trace,dio_1jfw: rohe Syntaxspur mit erster Wiederkehr.
dio_1jxw,2,2,False,,WAIT,focus_tone,temporal_first_contact,0.054638,0.206997,0.342041,0.368421,0.0,0.0,0.0,0.0,True,False,False,False,False,False,False,False,raw_semantic_trace,dio_1jxw: rohe Syntaxspur mit erster Wiederkehr.
dio_1k10,2,2,False,,WAIT,focus_tone,temporal_first_contact,0.065514,0.196718,0.344919,0.37049,0.0,0.0,0.0,0.0,True,False,False,False,False,False,False,False,raw_semantic_trace,dio_1k10: rohe Syntaxspur mit erster Wiederkehr.
dio_1knc,2,2,False,,WAIT,observation_tone,temporal_first_contact,-0.333367,0.473301,0.067476,0.316292,0.0,0.0,0.0,0.0,True,False,False,False,False,False,False,False,raw_semantic_trace,dio_1knc: rohe Syntaxspur mit erster Wiederkehr.
dio_1l7z,2,2,False,,WAIT,focus_tone,temporal_first_contact,0.681732,-0.156685,0.356128,0.43661,0.0,0.0,0.0,0.0,True,False,False,False,False,False,False,False,raw_semantic_trace,dio_1l7z: rohe Syntaxspur mit erster Wiederkehr.
dio_1lg2,2,2,False,,WAIT,focus_tone,temporal_first_contact,0.094435,0.068628,0.980784,0.540709,0.0,0.0,0.0,0.0,True,False,False,False,False,False,False,False,raw_semantic_trace,dio_1lg2: rohe Syntaxspur mit erster Wiederkehr.
dio_1lji,2,2,False,,WAIT,focus_tone,temporal_first_contact,-0.466398,-0.083758,0.376548,0.422465,0.0,0.0,0.0,0.0,True,False,False,False,False,False,False,False,raw_semantic_trace,dio_1lji: rohe Syntaxspur mit erster Wiederkehr.
dio_1ll2,2,2,False,,WAIT,focus_tone,temporal_first_contact,0.525675,-0.048675,0.986371,0.593955,0.0,0.0,0.0,0.0,True,False,False,False,False,False,False,False,raw_semantic_trace,dio_1ll2: rohe Syntaxspur mit erster Wiederkehr.
dio_1n2r,2,2,False,,WAIT,focus_tone,temporal_first_contact,-0.160421,0.218921,0.338702,0.373022,0.0,0.0,0.0,0.0,True,False,False,False,False,False,False,False,raw_semantic_trace,dio_1n2r: rohe Syntaxspur mit erster Wiederkehr.
dio_1n5f,2,2,False,,WAIT,focus_tone,temporal_first_contact,0.444664,-0.059717,0.383279,0.416764,0.0,0.0,0.0,0.0,True,False,False,False,False,False,False,False,raw_semantic_trace,dio_1n5f: rohe Syntaxspur mit erster Wiederkehr.
dio_1ndv,2,2,False,,WAIT,focus_tone,temporal_first_contact,0.472486,0.232968,0.934769,0.57284,0.0,0.0,0.0,0.0,True,False,False,False,False,False,False,False,raw_semantic_trace,dio_1ndv: rohe Syntaxspur mit erster Wiederkehr.
dio_1nkk,2,2,False,,WAIT,focus_tone,temporal_first_contact,0.241083,0.120906,0.366146,0.389079,0.0,0.0,0.0,0.0,True,False,False,False,False,False,False,False,raw_semantic_trace,dio_1nkk: rohe Syntaxspur mit erster Wiederkehr.
dio_1nwc,2,2,False,,WAIT,focus_tone,temporal_first_contact,-0.712532,-0.148552,0.358405,0.451915,0.0,0.0,0.0,0.0,True,False,False,False,False,False,False,False,raw_semantic_trace,dio_1nwc: rohe Syntaxspur mit erster Wiederkehr.
dio_1o2b,2,2,False,,WAIT,focus_tone,temporal_first_contact,-0.038657,-0.175247,0.350931,0.369984,0.0,0.0,0.0,0.0,True,False,False,False,False,False,False,False,raw_semantic_trace,dio_1o2b: rohe Syntaxspur mit erster Wiederkehr.
dio_1obx,2,2,False,,WAIT,focus_tone,temporal_first_contact,-0.005527,0.054707,0.384682,0.357858,0.0,0.0,0.0,0.0,True,False,False,False,False,False,False,False,raw_semantic_trace,dio_1obx: rohe Syntaxspur mit erster Wiederkehr.
dio_1ocs,2,2,False,,WAIT,observation_tone,temporal_first_contact,-0.36861,-0.241436,-0.267602,0.242802,0.0,0.0,0.0,0.0,True,False,False,False,False,False,False,False,raw_semantic_trace,dio_1ocs: rohe Syntaxspur mit erster Wiederkehr.
dio_1pbz,2,2,False,,WAIT,focus_tone,temporal_first_contact,0.276011,-0.212947,0.340375,0.398685,0.0,0.0,0.0,0.0,True,False,False,False,False,False,False,False,raw_semantic_trace,dio_1pbz: rohe Syntaxspur mit erster Wiederkehr.
dio_1pel,2,2,False,,WAIT,focus_tone,temporal_first_contact,0.912399,0.101807,0.971494,0.637827,0.0,0.0,0.0,0.0,True,False,False,False,False,False,False,False,raw_semantic_trace,dio_1pel: rohe Syntaxspur mit erster Wiederkehr.
dio_1pvx,2,2,False,,WAIT,observation_tone,temporal_first_contact,-0.446055,0.425424,0.280881,0.388013,0.0,0.0,0.0,0.0,True,False,False,False,False,False,False,False,raw_semantic_trace,dio_1pvx: rohe Syntaxspur mit erster Wiederkehr.
dio_1qd9,2,2,False,,WAIT,focus_tone,temporal_first_contact,-0.525899,0.342401,0.304128,0.407022,0.0,0.0,0.0,0.0,True,False,False,False,False,False,False,False,raw_semantic_trace,dio_1qd9: rohe Syntaxspur mit erster Wiederkehr.
dio_1qnu,2,2,False,,WAIT,focus_tone,temporal_first_contact,-0.018306,0.431327,0.279229,0.339838,0.0,0.0,0.0,0.0,True,False,False,False,False,False,False,False,raw_semantic_trace,dio_1qnu: rohe Syntaxspur mit erster Wiederkehr.
dio_1qs4,2,2,False,,WAIT,focus_tone,temporal_first_contact,-0.509336,0.025658,0.392816,0.424118,0.0,0.0,0.0,0.0,True,False,False,False,False,False,False,False,raw_semantic_trace,dio_1qs4: rohe Syntaxspur mit erster Wiederkehr.
dio_1qyi,2,2,False,,WAIT,observation_tone,temporal_first_contact,0.072607,-0.07721,-0.221619,0.21669,0.0,0.0,0.0,0.0,True,False,False,False,False,False,False,False,raw_semantic_trace,dio_1qyi: rohe Syntaxspur mit erster Wiederkehr.
dio_1s8p,2,2,False,,WAIT,focus_tone,temporal_first_contact,-0.400721,-0.231107,0.33529,0.402858,0.0,0.0,0.0,0.0,True,False,False,False,False,False,False,False,raw_semantic_trace,dio_1s8p: rohe Syntaxspur mit erster Wiederkehr.
dio_1sdh,2,2,False,,WAIT,focus_tone,temporal_first_contact,0.647974,-0.100764,0.971786,0.607421,0.0,0.0,0.0,0.0,True,False,False,False,False,False,False,False,raw_semantic_trace,dio_1sdh: rohe Syntaxspur mit erster Wiederkehr.
dio_1t2m,2,2,False,,WAIT,observation_tone,temporal_first_contact,0.202,-0.291247,-0.281549,0.219832,0.0,0.0,0.0,0.0,True,False,False,False,False,False,False,False,raw_semantic_trace,dio_1t2m: rohe Syntaxspur mit erster Wiederkehr.
dio_1t9x,2,2,False,,WAIT,focus_tone,temporal_first_contact,0.248484,-0.315024,0.311793,0.385203,0.0,0.0,0.0,0.0,True,False,False,False,False,False,False,False,raw_semantic_trace,dio_1t9x: rohe Syntaxspur mit erster Wiederkehr.
dio_1tdk,2,2,False,,WAIT,focus_tone,temporal_first_contact,-0.763185,-0.118677,0.96677,0.617751,0.0,0.0,0.0,0.0,True,False,False,False,False,False,False,False,raw_semantic_trace,dio_1tdk: rohe Syntaxspur mit erster Wiederkehr.
dio_1ubq,2,2,False,,WAIT,focus_tone,temporal_first_contact,0.630308,0.161146,0.954879,0.5962,0.0,0.0,0.0,0.0,True,False,False,False,False,False,False,False,raw_semantic_trace,dio_1ubq: rohe Syntaxspur mit erster Wiederkehr.
dio_1uff,2,2,False,,WAIT,observation_tone,temporal_first_contact,-0.40047,0.310301,-0.286884,0.236395,0.0,0.0,0.0,0.0,True,False,False,False,False,False,False,False,raw_semantic_trace,dio_1uff: rohe Syntaxspur mit erster Wiederkehr.
dio_1v9d,2,2,False,,WAIT,observation_tone,temporal_first_contact,0.294386,0.186745,-0.252289,0.228885,0.0,0.0,0.0,0.0,True,False,False,False,False,False,False,False,raw_semantic_trace,dio_1v9d: rohe Syntaxspur mit erster Wiederkehr.
dio_1vac,2,2,False,,WAIT,focus_tone,temporal_first_contact,-0.005494,0.461174,0.270871,0.334673,0.0,0.0,0.0,0.0,True,False,False,False,False,False,False,False,raw_semantic_trace,dio_1vac: rohe Syntaxspur mit erster Wiederkehr.
dio_1wnl,2,2,False,,WAIT,observation_tone,temporal_first_contact,0.20008,-0.061538,-0.217231,0.235806,0.0,0.0,0.0,0.0,True,False,False,False,False,False,False,False,raw_semantic_trace,dio_1wnl: rohe Syntaxspur mit erster Wiederkehr.
dio_1wr5,2,2,False,,WAIT,focus_tone,temporal_first_contact,0.756888,0.233096,0.934733,0.607585,0.0,0.0,0.0,0.0,True,False,False,False,False,False,False,False,raw_semantic_trace,dio_1wr5: rohe Syntaxspur mit erster Wiederkehr.
dio_1wx6,2,2,False,,WAIT,focus_tone,temporal_first_contact,-0.636866,0.0421,0.388212,0.450676,0.0,0.0,0.0,0.0,True,False,False,False,False,False,False,False,raw_semantic_trace,dio_1wx6: rohe Syntaxspur mit erster Wiederkehr.
dio_1xc7,2,2,False,,WAIT,observation_tone,temporal_first_contact,0.571765,-0.080795,-0.222623,0.27795,0.0,0.0,0.0,0.0,True,False,False,False,False,False,False,False,raw_semantic_trace,dio_1xc7: rohe Syntaxspur mit erster Wiederkehr.
dio_1xvd,2,2,False,,WAIT,focus_tone,temporal_first_contact,-0.495246,-0.350924,0.301741,0.403564,0.0,0.0,0.0,0.0,True,False,False,False,False,False,False,False,raw_semantic_trace,dio_1xvd: rohe Syntaxspur mit erster Wiederkehr.
dio_1yc2,2,2,False,,WAIT,focus_tone,temporal_first_contact,0.681663,-0.015933,0.395539,0.447037,0.0,0.0,0.0,0.0,True,False,False,False,False,False,False,False,raw_semantic_trace,dio_1yc2: rohe Syntaxspur mit erster Wiederkehr.
dio_1yeo,2,2,False,,WAIT,focus_tone,temporal_first_contact,0.432842,0.017504,0.395099,0.428565,0.0,0.0,0.0,0.0,True,False,False,False,False,False,False,False,raw_semantic_trace,dio_1yeo: rohe Syntaxspur mit erster Wiederkehr.
dio_1ygj,2,2,False,,WAIT,focus_tone,temporal_first_contact,0.100766,0.203069,0.343141,0.373837,0.0,0.0,0.0,0.0,True,False,False,False,False,False,False,False,raw_semantic_trace,dio_1ygj: rohe Syntaxspur mit erster Wiederkehr.
dio_1ytc,2,2,False,,WAIT,focus_tone,temporal_first_contact,0.690783,0.044673,0.987492,0.614593,0.0,0.0,0.0,0.0,True,False,False,False,False,False,False,False,raw_semantic_trace,dio_1ytc: rohe Syntaxspur mit erster Wiederkehr.
