text_island_symbol,inner_map_transition_state,left_inner_map_state,right_inner_map_state,left_semantic_maturity_score,right_semantic_maturity_score,score_delta,stability_delta,variation_delta,drift_delta,left_families,right_families,passive_only,writes_runtime_memory,read_by_mini_dio,influences_action,is_gate,is_motoric,is_entry_signal,is_direction_signal
dio_text_10itpss,stable_same_inner_state,inner_unconfirmed_raw_space,inner_unconfirmed_raw_space,0.206666667,0.206666667,0.0,0.0,0.0,0.0,dio_0irs,dio_0irs,True,False,False,False,False,False,False,False
dio_text_10ksgna,stable_same_inner_state,inner_unconfirmed_raw_space,inner_unconfirmed_raw_space,0.206666667,0.206666667,0.0,0.0,0.0,0.0,dio_1xs0,dio_1xs0,True,False,False,False,False,False,False,False
dio_text_110kwje,stable_same_inner_state,inner_unconfirmed_raw_space,inner_unconfirmed_raw_space,0.206666667,0.206666667,0.0,0.0,0.0,0.0,dio_1s9i,dio_1s9i,True,False,False,False,False,False,False,False
dio_text_115znqh,stable_same_inner_state,inner_unconfirmed_raw_space,inner_unconfirmed_raw_space,0.206666667,0.206666667,0.0,0.0,0.0,0.0,dio_1oix,dio_1oix,True,False,False,False,False,False,False,False
dio_text_11og9em,stable_same_inner_state,inner_unconfirmed_raw_space,inner_unconfirmed_raw_space,0.206666667,0.206666667,0.0,0.0,0.0,0.0,dio_1ull,dio_1ull,True,False,False,False,False,False,False,False
dio_text_11q83lg,stable_same_inner_state,inner_unconfirmed_raw_space,inner_unconfirmed_raw_space,0.206666667,0.206666667,0.0,0.0,0.0,0.0,dio_17pt,dio_17pt,True,False,False,False,False,False,False,False
dio_text_11v2o2k,stable_same_inner_state,inner_unconfirmed_raw_space,inner_unconfirmed_raw_space,0.206666667,0.206666667,0.0,0.0,0.0,0.0,dio_1abl,dio_1abl,True,False,False,False,False,False,False,False
dio_text_12246jl,stable_same_inner_state,inner_unconfirmed_raw_space,inner_unconfirmed_raw_space,0.206666667,0.206666667,0.0,0.0,0.0,0.0,dio_1haw,dio_1haw,True,False,False,False,False,False,False,False
dio_text_12aztxx,stable_same_inner_state,inner_unconfirmed_raw_space,inner_unconfirmed_raw_space,0.206666667,0.206666667,0.0,0.0,0.0,0.0,dio_07we,dio_07we,True,False,False,False,False,False,False,False
dio_text_12be0ei,new_in_right_inner_map,,inner_unconfirmed_raw_space,0.0,0.206666667,0.206666667,0.55,0.082666667,0.0,,dio_10gp,True,False,False,False,False,False,False,False
dio_text_12c1nlt,new_in_right_inner_map,,inner_unconfirmed_raw_space,0.0,0.213333333,0.213333333,0.55,0.085333333,0.0,,dio_0r4h|dio_0reg,True,False,False,False,False,False,False,False
dio_text_12jcjlq,missing_in_right_inner_map,inner_unconfirmed_raw_space,,0.206666667,0.0,-0.206666667,-0.55,-0.082666667,0.0,dio_1ocs,,True,False,False,False,False,False,False,False
dio_text_12o9nwj,stable_same_inner_state,inner_unconfirmed_raw_space,inner_unconfirmed_raw_space,0.206666667,0.206666667,0.0,0.0,0.0,0.0,dio_080e,dio_080e,True,False,False,False,False,False,False,False
dio_text_12t8zsq,stable_same_inner_state,inner_unconfirmed_raw_space,inner_unconfirmed_raw_space,0.206666667,0.206666667,0.0,0.0,0.0,0.0,dio_1obx,dio_1obx,True,False,False,False,False,False,False,False
dio_text_13fnt2o,missing_in_right_inner_map,inner_unconfirmed_raw_space,,0.206666667,0.0,-0.206666667,-0.55,-0.082666667,0.0,dio_15u1,,True,False,False,False,False,False,False,False
dio_text_13h07td,stable_same_inner_state,inner_unconfirmed_raw_space,inner_unconfirmed_raw_space,0.206666667,0.206666667,0.0,0.0,0.0,0.0,dio_1cdk,dio_1cdk,True,False,False,False,False,False,False,False
dio_text_13i6h0l,stable_same_inner_state,inner_unconfirmed_raw_space,inner_unconfirmed_raw_space,0.206666667,0.206666667,0.0,0.0,0.0,0.0,dio_1chc,dio_1chc,True,False,False,False,False,False,False,False
dio_text_13r2osw,stable_same_inner_state,inner_unconfirmed_raw_space,inner_unconfirmed_raw_space,0.206666667,0.206666667,0.0,0.0,0.0,0.0,dio_1hjm,dio_1hjm,True,False,False,False,False,False,False,False
dio_text_13shwtq,stable_same_inner_state,inner_unconfirmed_raw_space,inner_unconfirmed_raw_space,0.206666667,0.206666667,0.0,0.0,0.0,0.0,dio_1aic,dio_1aic,True,False,False,False,False,False,False,False
dio_text_13vhqp9,stable_same_inner_state,inner_unconfirmed_raw_space,inner_unconfirmed_raw_space,0.206666667,0.206666667,0.0,0.0,0.0,0.0,dio_1h0p,dio_1h0p,True,False,False,False,False,False,False,False
dio_text_140tnw6,new_in_right_inner_map,,inner_unconfirmed_raw_space,0.0,0.206666667,0.206666667,0.55,0.082666667,0.0,,dio_0rzb,True,False,False,False,False,False,False,False
dio_text_1443oo6,stable_same_inner_state,inner_unconfirmed_raw_space,inner_unconfirmed_raw_space,0.206666667,0.206666667,0.0,0.0,0.0,0.0,dio_05xk,dio_05xk,True,False,False,False,False,False,False,False
dio_text_147cmun,stable_same_inner_state,inner_unconfirmed_raw_space,inner_unconfirmed_raw_space,0.206666667,0.206666667,0.0,0.0,0.0,0.0,dio_1ubq,dio_1ubq,True,False,False,False,False,False,False,False
dio_text_149kk0l,stable_same_inner_state,inner_unconfirmed_raw_space,inner_unconfirmed_raw_space,0.206666667,0.206666667,0.0,0.0,0.0,0.0,dio_01w7,dio_01w7,True,False,False,False,False,False,False,False
dio_text_14cjsrg,stable_same_inner_state,inner_unconfirmed_raw_space,inner_unconfirmed_raw_space,0.206666667,0.206666667,0.0,0.0,0.0,0.0,dio_1o2b,dio_1o2b,True,False,False,False,False,False,False,False
dio_text_14co26g,missing_in_right_inner_map,inner_unconfirmed_raw_space,,0.213333333,0.0,-0.213333333,-0.55,-0.085333333,0.0,dio_09b1|dio_1640,,True,False,False,False,False,False,False,False
dio_text_14eizb9,stable_same_inner_state,inner_unconfirmed_raw_space,inner_unconfirmed_raw_space,0.206666667,0.206666667,0.0,0.0,0.0,0.0,dio_19bg,dio_19bg,True,False,False,False,False,False,False,False
dio_text_14ft760,stable_same_inner_state,inner_unconfirmed_raw_space,inner_unconfirmed_raw_space,0.206666667,0.206666667,0.0,0.0,0.0,0.0,dio_08mk,dio_08mk,True,False,False,False,False,False,False,False
dio_text_14vy8i0,stable_same_inner_state,inner_unconfirmed_raw_space,inner_unconfirmed_raw_space,0.206666667,0.206666667,0.0,0.0,0.0,0.0,dio_0ink,dio_0ink,True,False,False,False,False,False,False,False
dio_text_153gn8y,stable_same_inner_state,inner_unconfirmed_raw_space,inner_unconfirmed_raw_space,0.206666667,0.206666667,0.0,0.0,0.0,0.0,dio_1jba,dio_1jba,True,False,False,False,False,False,False,False
dio_text_15pxei0,new_in_right_inner_map,,inner_unconfirmed_raw_space,0.0,0.206666667,0.206666667,0.55,0.082666667,0.0,,dio_171c,True,False,False,False,False,False,False,False
dio_text_165ur45,stable_same_inner_state,inner_unconfirmed_raw_space,inner_unconfirmed_raw_space,0.206666667,0.206666667,0.0,0.0,0.0,0.0,dio_0bm2,dio_0bm2,True,False,False,False,False,False,False,False
dio_text_16mtr49,stable_same_inner_state,inner_unconfirmed_raw_space,inner_unconfirmed_raw_space,0.206666667,0.206666667,0.0,0.0,0.0,0.0,dio_05pr,dio_05pr,True,False,False,False,False,False,False,False
dio_text_16nwkmu,missing_in_right_inner_map,inner_unconfirmed_raw_space,,0.206666667,0.0,-0.206666667,-0.55,-0.082666667,0.0,dio_0r4h,,True,False,False,False,False,False,False,False
dio_text_16qwab5,stable_same_inner_state,inner_unconfirmed_raw_space,inner_unconfirmed_raw_space,0.206666667,0.206666667,0.0,0.0,0.0,0.0,dio_1jgc,dio_1jgc,True,False,False,False,False,False,False,False
dio_text_16zzx7f,stable_same_inner_state,inner_unconfirmed_raw_space,inner_unconfirmed_raw_space,0.206666667,0.206666667,0.0,0.0,0.0,0.0,dio_08ub,dio_08ub,True,False,False,False,False,False,False,False
dio_text_17et1gr,stable_same_inner_state,inner_unconfirmed_raw_space,inner_unconfirmed_raw_space,0.206666667,0.206666667,0.0,0.0,0.0,0.0,dio_122f,dio_122f,True,False,False,False,False,False,False,False
dio_text_17n5a6r,missing_in_right_inner_map,inner_unconfirmed_raw_space,,0.206666667,0.0,-0.206666667,-0.55,-0.082666667,0.0,dio_0p7h,,True,False,False,False,False,False,False,False
dio_text_17oi9bw,stable_same_inner_state,inner_unconfirmed_raw_space,inner_unconfirmed_raw_space,0.206666667,0.206666667,0.0,0.0,0.0,0.0,dio_0lf6,dio_0lf6,True,False,False,False,False,False,False,False
dio_text_17t8ody,new_in_right_inner_map,,inner_unconfirmed_raw_space,0.0,0.206666667,0.206666667,0.55,0.082666667,0.0,,dio_1jxw,True,False,False,False,False,False,False,False
dio_text_186lj4g,stable_same_inner_state,inner_unconfirmed_raw_space,inner_unconfirmed_raw_space,0.206666667,0.206666667,0.0,0.0,0.0,0.0,dio_0fvx,dio_0fvx,True,False,False,False,False,False,False,False
dio_text_189rf2t,missing_in_right_inner_map,inner_unconfirmed_raw_space,,0.206666667,0.0,-0.206666667,-0.55,-0.082666667,0.0,dio_05zt,,True,False,False,False,False,False,False,False
dio_text_18ku4h1,stable_same_inner_state,inner_unconfirmed_raw_space,inner_unconfirmed_raw_space,0.206666667,0.206666667,0.0,0.0,0.0,0.0,dio_05ws,dio_05ws,True,False,False,False,False,False,False,False
dio_text_19ai6oy,stable_same_inner_state,inner_unconfirmed_raw_space,inner_unconfirmed_raw_space,0.206666667,0.206666667,0.0,0.0,0.0,0.0,dio_0lr0,dio_0lr0,True,False,False,False,False,False,False,False
dio_text_19g4nvn,stable_same_inner_state,inner_unconfirmed_raw_space,inner_unconfirmed_raw_space,0.206666667,0.206666667,0.0,0.0,0.0,0.0,dio_1c4a,dio_1c4a,True,False,False,False,False,False,False,False
dio_text_19ui5ym,missing_in_right_inner_map,inner_unconfirmed_raw_space,,0.206666667,0.0,-0.206666667,-0.55,-0.082666667,0.0,dio_0reg,,True,False,False,False,False,False,False,False
dio_text_1aduozz,stable_same_inner_state,inner_unconfirmed_raw_space,inner_unconfirmed_raw_space,0.206666667,0.206666667,0.0,0.0,0.0,0.0,dio_12xx,dio_12xx,True,False,False,False,False,False,False,False
dio_text_1ahjm49,stable_same_inner_state,inner_unconfirmed_raw_space,inner_unconfirmed_raw_space,0.206666667,0.206666667,0.0,0.0,0.0,0.0,dio_0pbq,dio_0pbq,True,False,False,False,False,False,False,False
dio_text_1axxr0j,stable_same_inner_state,inner_unconfirmed_raw_space,inner_unconfirmed_raw_space,0.206666667,0.206666667,0.0,0.0,0.0,0.0,dio_1si6,dio_1si6,True,False,False,False,False,False,False,False
dio_text_1ay26rp,stable_same_inner_state,inner_unconfirmed_raw_space,inner_unconfirmed_raw_space,0.206666667,0.206666667,0.0,0.0,0.0,0.0,dio_1wja,dio_1wja,True,False,False,False,False,False,False,False
dio_text_1bpdywj,stable_same_inner_state,inner_unconfirmed_raw_space,inner_unconfirmed_raw_space,0.206666667,0.206666667,0.0,0.0,0.0,0.0,dio_0jp7,dio_0jp7,True,False,False,False,False,False,False,False
dio_text_1c3ihf1,stable_same_inner_state,inner_unconfirmed_raw_space,inner_unconfirmed_raw_space,0.206666667,0.206666667,0.0,0.0,0.0,0.0,dio_1cmt,dio_1cmt,True,False,False,False,False,False,False,False
dio_text_1carhok,new_in_right_inner_map,,inner_unconfirmed_raw_space,0.0,0.206666667,0.206666667,0.55,0.082666667,0.0,,dio_1jfw,True,False,False,False,False,False,False,False
dio_text_1cgwgm,stable_same_inner_state,inner_unconfirmed_raw_space,inner_unconfirmed_raw_space,0.206666667,0.206666667,0.0,0.0,0.0,0.0,dio_0jhl,dio_0jhl,True,False,False,False,False,False,False,False
dio_text_1cxrbe8,stable_same_inner_state,inner_unconfirmed_raw_space,inner_unconfirmed_raw_space,0.206666667,0.206666667,0.0,0.0,0.0,0.0,dio_0710,dio_0710,True,False,False,False,False,False,False,False
dio_text_1d07jp3,stable_same_inner_state,inner_unconfirmed_raw_space,inner_unconfirmed_raw_space,0.206666667,0.206666667,0.0,0.0,0.0,0.0,dio_0a08,dio_0a08,True,False,False,False,False,False,False,False
dio_text_1d1v7l4,missing_in_right_inner_map,inner_unconfirmed_raw_space,,0.206666667,0.0,-0.206666667,-0.55,-0.082666667,0.0,dio_0omt,,True,False,False,False,False,False,False,False
dio_text_1d7dqoy,stable_same_inner_state,inner_unconfirmed_raw_space,inner_unconfirmed_raw_space,0.206666667,0.206666667,0.0,0.0,0.0,0.0,dio_1cln,dio_1cln,True,False,False,False,False,False,False,False
dio_text_1dgqs7f,stable_same_inner_state,inner_unconfirmed_raw_space,inner_unconfirmed_raw_space,0.206666667,0.206666667,0.0,0.0,0.0,0.0,dio_14ai,dio_14ai,True,False,False,False,False,False,False,False
dio_text_1dwwyww,stable_same_inner_state,inner_unconfirmed_raw_space,inner_unconfirmed_raw_space,0.206666667,0.206666667,0.0,0.0,0.0,0.0,dio_17x0,dio_17x0,True,False,False,False,False,False,False,False
dio_text_1e0opc6,stable_same_inner_state,inner_unconfirmed_raw_space,inner_unconfirmed_raw_space,0.206666667,0.206666667,0.0,0.0,0.0,0.0,dio_10q6,dio_10q6,True,False,False,False,False,False,False,False
dio_text_1e29gx,stable_same_inner_state,inner_unconfirmed_raw_space,inner_unconfirmed_raw_space,0.206666667,0.206666667,0.0,0.0,0.0,0.0,dio_0gmo,dio_0gmo,True,False,False,False,False,False,False,False
dio_text_1e74g2f,stable_same_inner_state,inner_unconfirmed_raw_space,inner_unconfirmed_raw_space,0.206666667,0.206666667,0.0,0.0,0.0,0.0,dio_1635,dio_1635,True,False,False,False,False,False,False,False
dio_text_1e9lmzp,stable_same_inner_state,inner_unconfirmed_raw_space,inner_unconfirmed_raw_space,0.206666667,0.206666667,0.0,0.0,0.0,0.0,dio_0coa,dio_0coa,True,False,False,False,False,False,False,False
dio_text_1egecnl,new_in_right_inner_map,,inner_unconfirmed_raw_space,0.0,0.206666667,0.206666667,0.55,0.082666667,0.0,,dio_0ocu,True,False,False,False,False,False,False,False
dio_text_1eguv7,stable_same_inner_state,inner_unconfirmed_raw_space,inner_unconfirmed_raw_space,0.206666667,0.206666667,0.0,0.0,0.0,0.0,dio_0xt9,dio_0xt9,True,False,False,False,False,False,False,False
dio_text_1ein2fd,missing_in_right_inner_map,inner_unconfirmed_raw_space,,0.206666667,0.0,-0.206666667,-0.55,-0.082666667,0.0,dio_10j6,,True,False,False,False,False,False,False,False
dio_text_1equ5i8,stable_same_inner_state,inner_unconfirmed_raw_space,inner_unconfirmed_raw_space,0.206666667,0.206666667,0.0,0.0,0.0,0.0,dio_1lji,dio_1lji,True,False,False,False,False,False,False,False
dio_text_1ey1k1p,stable_same_inner_state,inner_unconfirmed_raw_space,inner_unconfirmed_raw_space,0.206666667,0.206666667,0.0,0.0,0.0,0.0,dio_0o0t,dio_0o0t,True,False,False,False,False,False,False,False
dio_text_1fad5qi,missing_in_right_inner_map,inner_unconfirmed_raw_space,,0.206666667,0.0,-0.206666667,-0.55,-0.082666667,0.0,dio_0ocp,,True,False,False,False,False,False,False,False
dio_text_1fbydaf,missing_in_right_inner_map,inner_unconfirmed_raw_space,,0.206666667,0.0,-0.206666667,-0.55,-0.082666667,0.0,dio_12jj,,True,False,False,False,False,False,False,False
dio_text_1fjyzwy,stable_same_inner_state,inner_unconfirmed_raw_space,inner_unconfirmed_raw_space,0.206666667,0.206666667,0.0,0.0,0.0,0.0,dio_0jg9,dio_0jg9,True,False,False,False,False,False,False,False
dio_text_1fmhwrb,stable_same_inner_state,inner_unconfirmed_raw_space,inner_unconfirmed_raw_space,0.206666667,0.206666667,0.0,0.0,0.0,0.0,dio_140n,dio_140n,True,False,False,False,False,False,False,False
dio_text_1frqbhh,stable_same_inner_state,inner_unconfirmed_raw_space,inner_unconfirmed_raw_space,0.206666667,0.206666667,0.0,0.0,0.0,0.0,dio_1pbz,dio_1pbz,True,False,False,False,False,False,False,False
dio_text_1g8gq6a,stable_same_inner_state,inner_unconfirmed_raw_space,inner_unconfirmed_raw_space,0.206666667,0.206666667,0.0,0.0,0.0,0.0,dio_1p8y,dio_1p8y,True,False,False,False,False,False,False,False
dio_text_1gfrpvc,new_in_right_inner_map,,inner_unconfirmed_raw_space,0.0,0.206666667,0.206666667,0.55,0.082666667,0.0,,dio_1ldo,True,False,False,False,False,False,False,False
dio_text_1h3mcvc,stable_same_inner_state,inner_unconfirmed_raw_space,inner_unconfirmed_raw_space,0.206666667,0.206666667,0.0,0.0,0.0,0.0,dio_0p8l,dio_0p8l,True,False,False,False,False,False,False,False
dio_text_1hcib69,stable_same_inner_state,inner_unconfirmed_raw_space,inner_unconfirmed_raw_space,0.206666667,0.206666667,0.0,0.0,0.0,0.0,dio_1eaf,dio_1eaf,True,False,False,False,False,False,False,False
dio_text_1hy2463,new_in_right_inner_map,,inner_unconfirmed_raw_space,0.0,0.213333333,0.213333333,0.55,0.085333333,0.0,,dio_0e37|dio_11qz,True,False,False,False,False,False,False,False
dio_text_1ie121q,stable_same_inner_state,inner_unconfirmed_raw_space,inner_unconfirmed_raw_space,0.206666667,0.206666667,0.0,0.0,0.0,0.0,dio_1exx,dio_1exx,True,False,False,False,False,False,False,False
dio_text_1iipjpw,new_in_right_inner_map,,inner_unconfirmed_raw_space,0.0,0.206666667,0.206666667,0.55,0.082666667,0.0,,dio_1pkn,True,False,False,False,False,False,False,False
dio_text_1iiy2bm,stable_same_inner_state,inner_unconfirmed_raw_space,inner_unconfirmed_raw_space,0.206666667,0.206666667,0.0,0.0,0.0,0.0,dio_1pen,dio_1pen,True,False,False,False,False,False,False,False
dio_text_1iuwfze,stable_same_inner_state,inner_unconfirmed_raw_space,inner_unconfirmed_raw_space,0.213333333,0.213333333,0.0,0.0,0.0,0.0,dio_0r8l|dio_10xx,dio_0r8l|dio_10xx,True,False,False,False,False,False,False,False
dio_text_1iy6mgi,stable_same_inner_state,inner_unconfirmed_raw_space,inner_unconfirmed_raw_space,0.206666667,0.206666667,0.0,0.0,0.0,0.0,dio_07t9,dio_07t9,True,False,False,False,False,False,False,False
dio_text_1j5668v,stable_same_inner_state,inner_unconfirmed_raw_space,inner_unconfirmed_raw_space,0.206666667,0.206666667,0.0,0.0,0.0,0.0,dio_0r61,dio_0r61,True,False,False,False,False,False,False,False
dio_text_1j80ia3,stable_same_inner_state,inner_unconfirmed_raw_space,inner_unconfirmed_raw_space,0.206666667,0.206666667,0.0,0.0,0.0,0.0,dio_0t27,dio_0t27,True,False,False,False,False,False,False,False
dio_text_1j8685h,stable_same_inner_state,inner_unconfirmed_raw_space,inner_unconfirmed_raw_space,0.206666667,0.206666667,0.0,0.0,0.0,0.0,dio_07t8,dio_07t8,True,False,False,False,False,False,False,False
dio_text_1jbskwj,missing_in_right_inner_map,inner_unconfirmed_raw_space,,0.206666667,0.0,-0.206666667,-0.55,-0.082666667,0.0,dio_1l1y,,True,False,False,False,False,False,False,False
dio_text_1jdlpx1,stable_same_inner_state,inner_unconfirmed_raw_space,inner_unconfirmed_raw_space,0.206666667,0.206666667,0.0,0.0,0.0,0.0,dio_0pni,dio_0pni,True,False,False,False,False,False,False,False
dio_text_1jwe3ou,stable_same_inner_state,inner_unconfirmed_raw_space,inner_unconfirmed_raw_space,0.206666667,0.206666667,0.0,0.0,0.0,0.0,dio_1pnc,dio_1pnc,True,False,False,False,False,False,False,False
dio_text_1k5j6bq,stable_same_inner_state,inner_unconfirmed_raw_space,inner_unconfirmed_raw_space,0.206666667,0.206666667,0.0,0.0,0.0,0.0,dio_0rt8,dio_0rt8,True,False,False,False,False,False,False,False
dio_text_1k7vqpn,stable_same_inner_state,inner_unconfirmed_raw_space,inner_unconfirmed_raw_space,0.206666667,0.206666667,0.0,0.0,0.0,0.0,dio_02cr,dio_02cr,True,False,False,False,False,False,False,False
dio_text_1k9bges,stable_same_inner_state,inner_unconfirmed_raw_space,inner_unconfirmed_raw_space,0.206666667,0.206666667,0.0,0.0,0.0,0.0,dio_02rt,dio_02rt,True,False,False,False,False,False,False,False
dio_text_1kj3rrr,stable_same_inner_state,inner_unconfirmed_raw_space,inner_unconfirmed_raw_space,0.206666667,0.206666667,0.0,0.0,0.0,0.0,dio_0vyh,dio_0vyh,True,False,False,False,False,False,False,False
dio_text_1ko0w1m,stable_same_inner_state,inner_unconfirmed_raw_space,inner_unconfirmed_raw_space,0.206666667,0.206666667,0.0,0.0,0.0,0.0,dio_1wnl,dio_1wnl,True,False,False,False,False,False,False,False
dio_text_1kx4hnb,missing_in_right_inner_map,inner_unconfirmed_raw_space,,0.206666667,0.0,-0.206666667,-0.55,-0.082666667,0.0,dio_1r1o,,True,False,False,False,False,False,False,False
dio_text_1l0nbzl,stable_same_inner_state,inner_unconfirmed_raw_space,inner_unconfirmed_raw_space,0.206666667,0.206666667,0.0,0.0,0.0,0.0,dio_0m9e,dio_0m9e,True,False,False,False,False,False,False,False
dio_text_1l6ux1l,missing_in_right_inner_map,inner_unconfirmed_raw_space,,0.206666667,0.0,-0.206666667,-0.55,-0.082666667,0.0,dio_1i05,,True,False,False,False,False,False,False,False
dio_text_1l87h91,stable_same_inner_state,inner_unconfirmed_raw_space,inner_unconfirmed_raw_space,0.206666667,0.206666667,0.0,0.0,0.0,0.0,dio_0y5i,dio_0y5i,True,False,False,False,False,False,False,False
dio_text_1ljobnq,missing_in_right_inner_map,inner_unconfirmed_raw_space,,0.206666667,0.0,-0.206666667,-0.55,-0.082666667,0.0,dio_00db,,True,False,False,False,False,False,False,False
dio_text_1lm80e3,stable_same_inner_state,inner_unconfirmed_raw_space,inner_unconfirmed_raw_space,0.206666667,0.206666667,0.0,0.0,0.0,0.0,dio_0r90,dio_0r90,True,False,False,False,False,False,False,False
dio_text_1lo4skl,stable_same_inner_state,inner_unconfirmed_raw_space,inner_unconfirmed_raw_space,0.206666667,0.206666667,0.0,0.0,0.0,0.0,dio_0mtr,dio_0mtr,True,False,False,False,False,False,False,False
dio_text_1m2z4x6,stable_same_inner_state,inner_unconfirmed_raw_space,inner_unconfirmed_raw_space,0.206666667,0.206666667,0.0,0.0,0.0,0.0,dio_1reh,dio_1reh,True,False,False,False,False,False,False,False
dio_text_1m5tqfs,stable_same_inner_state,inner_unconfirmed_raw_space,inner_unconfirmed_raw_space,0.206666667,0.206666667,0.0,0.0,0.0,0.0,dio_0hl8,dio_0hl8,True,False,False,False,False,False,False,False
dio_text_1mdfmx0,stable_same_inner_state,inner_unconfirmed_raw_space,inner_unconfirmed_raw_space,0.206666667,0.206666667,0.0,0.0,0.0,0.0,dio_06b8,dio_06b8,True,False,False,False,False,False,False,False
dio_text_1mvaeuf,stable_same_inner_state,inner_unconfirmed_raw_space,inner_unconfirmed_raw_space,0.206666667,0.206666667,0.0,0.0,0.0,0.0,dio_1ekr,dio_1ekr,True,False,False,False,False,False,False,False
dio_text_1mx1n6v,stable_same_inner_state,inner_unconfirmed_raw_space,inner_unconfirmed_raw_space,0.206666667,0.206666667,0.0,0.0,0.0,0.0,dio_0cxr,dio_0cxr,True,False,False,False,False,False,False,False
dio_text_1nmpsuo,stable_same_inner_state,inner_unconfirmed_raw_space,inner_unconfirmed_raw_space,0.206666667,0.206666667,0.0,0.0,0.0,0.0,dio_0dki,dio_0dki,True,False,False,False,False,False,False,False
dio_text_1nx56rt,stable_same_inner_state,inner_unconfirmed_raw_space,inner_unconfirmed_raw_space,0.206666667,0.206666667,0.0,0.0,0.0,0.0,dio_0c9o,dio_0c9o,True,False,False,False,False,False,False,False
dio_text_1patvgu,new_in_right_inner_map,,inner_unconfirmed_raw_space,0.0,0.206666667,0.206666667,0.55,0.082666667,0.0,,dio_1lno,True,False,False,False,False,False,False,False
dio_text_1pg5688,stable_same_inner_state,inner_unconfirmed_raw_space,inner_unconfirmed_raw_space,0.206666667,0.206666667,0.0,0.0,0.0,0.0,dio_14ud,dio_14ud,True,False,False,False,False,False,False,False
dio_text_1puiyhl,stable_same_inner_state,inner_unconfirmed_raw_space,inner_unconfirmed_raw_space,0.206666667,0.206666667,0.0,0.0,0.0,0.0,dio_1vz0,dio_1vz0,True,False,False,False,False,False,False,False
dio_text_1py00oj,stable_same_inner_state,inner_unconfirmed_raw_space,inner_unconfirmed_raw_space,0.213333333,0.213333333,0.0,0.0,0.0,0.0,dio_0m7s|dio_0mhr,dio_0m7s|dio_0mhr,True,False,False,False,False,False,False,False
dio_text_1q3n789,stable_same_inner_state,inner_unconfirmed_raw_space,inner_unconfirmed_raw_space,0.206666667,0.206666667,0.0,0.0,0.0,0.0,dio_1nkk,dio_1nkk,True,False,False,False,False,False,False,False
dio_text_1q58g1m,missing_in_right_inner_map,inner_unconfirmed_raw_space,,0.206666667,0.0,-0.206666667,-0.55,-0.082666667,0.0,dio_1lej,,True,False,False,False,False,False,False,False
dio_text_1qdy1d4,missing_in_right_inner_map,inner_unconfirmed_raw_space,,0.206666667,0.0,-0.206666667,-0.55,-0.082666667,0.0,dio_0mtm,,True,False,False,False,False,False,False,False
dio_text_1qh44rw,stable_same_inner_state,inner_unconfirmed_raw_space,inner_unconfirmed_raw_space,0.206666667,0.206666667,0.0,0.0,0.0,0.0,dio_1vg0,dio_1vg0,True,False,False,False,False,False,False,False
dio_text_1qkmd9b,new_in_right_inner_map,,inner_unconfirmed_raw_space,0.0,0.206666667,0.206666667,0.55,0.082666667,0.0,,dio_05f2,True,False,False,False,False,False,False,False
dio_text_1qncd03,stable_same_inner_state,inner_unconfirmed_raw_space,inner_unconfirmed_raw_space,0.206666667,0.206666667,0.0,0.0,0.0,0.0,dio_19p7,dio_19p7,True,False,False,False,False,False,False,False
dio_text_1qox452,stable_same_inner_state,inner_unconfirmed_raw_space,inner_unconfirmed_raw_space,0.206666667,0.206666667,0.0,0.0,0.0,0.0,dio_005q,dio_005q,True,False,False,False,False,False,False,False
dio_text_1r13c5u,stable_same_inner_state,inner_unconfirmed_raw_space,inner_unconfirmed_raw_space,0.206666667,0.206666667,0.0,0.0,0.0,0.0,dio_1vg2,dio_1vg2,True,False,False,False,False,False,False,False
dio_text_1rk938,stable_same_inner_state,inner_unconfirmed_raw_space,inner_unconfirmed_raw_space,0.206666667,0.206666667,0.0,0.0,0.0,0.0,dio_1tsz,dio_1tsz,True,False,False,False,False,False,False,False
dio_text_1rnk5fl,stable_same_inner_state,inner_unconfirmed_raw_space,inner_unconfirmed_raw_space,0.206666667,0.206666667,0.0,0.0,0.0,0.0,dio_0m1m,dio_0m1m,True,False,False,False,False,False,False,False
dio_text_1rv6a3m,stable_same_inner_state,inner_unconfirmed_raw_space,inner_unconfirmed_raw_space,0.206666667,0.206666667,0.0,0.0,0.0,0.0,dio_0v3a,dio_0v3a,True,False,False,False,False,False,False,False
dio_text_1s1w579,stable_same_inner_state,inner_unconfirmed_raw_space,inner_unconfirmed_raw_space,0.206666667,0.206666667,0.0,0.0,0.0,0.0,dio_0vla,dio_0vla,True,False,False,False,False,False,False,False
dio_text_1t3exd1,stable_same_inner_state,inner_unconfirmed_raw_space,inner_unconfirmed_raw_space,0.206666667,0.206666667,0.0,0.0,0.0,0.0,dio_09ow,dio_09ow,True,False,False,False,False,False,False,False
dio_text_1t6m91t,stable_same_inner_state,inner_unconfirmed_raw_space,inner_unconfirmed_raw_space,0.206666667,0.206666667,0.0,0.0,0.0,0.0,dio_0t8k,dio_0t8k,True,False,False,False,False,False,False,False
dio_text_1teeh9a,missing_in_right_inner_map,inner_unconfirmed_raw_space,,0.206666667,0.0,-0.206666667,-0.55,-0.082666667,0.0,dio_09ed,,True,False,False,False,False,False,False,False
dio_text_1th2n0q,stable_same_inner_state,inner_unconfirmed_raw_space,inner_unconfirmed_raw_space,0.206666667,0.206666667,0.0,0.0,0.0,0.0,dio_0zq7,dio_0zq7,True,False,False,False,False,False,False,False
dio_text_1tl7ola,stable_same_inner_state,inner_unconfirmed_raw_space,inner_unconfirmed_raw_space,0.206666667,0.206666667,0.0,0.0,0.0,0.0,dio_0j8d,dio_0j8d,True,False,False,False,False,False,False,False
dio_text_1tpco55,stable_same_inner_state,inner_unconfirmed_raw_space,inner_unconfirmed_raw_space,0.206666667,0.206666667,0.0,0.0,0.0,0.0,dio_1ndv,dio_1ndv,True,False,False,False,False,False,False,False
dio_text_1ttrpbe,stable_same_inner_state,inner_unconfirmed_raw_space,inner_unconfirmed_raw_space,0.206666667,0.206666667,0.0,0.0,0.0,0.0,dio_1yvr,dio_1yvr,True,False,False,False,False,False,False,False
dio_text_1u4x2ja,stable_same_inner_state,inner_unconfirmed_raw_space,inner_unconfirmed_raw_space,0.206666667,0.206666667,0.0,0.0,0.0,0.0,dio_1rbm,dio_1rbm,True,False,False,False,False,False,False,False
dio_text_1u7urjd,stable_same_inner_state,inner_unconfirmed_raw_space,inner_unconfirmed_raw_space,0.206666667,0.206666667,0.0,0.0,0.0,0.0,dio_1dl4,dio_1dl4,True,False,False,False,False,False,False,False
dio_text_1ud2mlr,stable_same_inner_state,inner_unconfirmed_raw_space,inner_unconfirmed_raw_space,0.206666667,0.206666667,0.0,0.0,0.0,0.0,dio_1yob,dio_1yob,True,False,False,False,False,False,False,False
dio_text_1udw1m6,stable_same_inner_state,inner_unconfirmed_raw_space,inner_unconfirmed_raw_space,0.206666667,0.206666667,0.0,0.0,0.0,0.0,dio_0ft4,dio_0ft4,True,False,False,False,False,False,False,False
dio_text_1uhj5j1,stable_same_inner_state,inner_unconfirmed_raw_space,inner_unconfirmed_raw_space,0.206666667,0.206666667,0.0,0.0,0.0,0.0,dio_1nwc,dio_1nwc,True,False,False,False,False,False,False,False
dio_text_1uruo2z,stable_same_inner_state,inner_unconfirmed_raw_space,inner_unconfirmed_raw_space,0.206666667,0.206666667,0.0,0.0,0.0,0.0,dio_0o73,dio_0o73,True,False,False,False,False,False,False,False
dio_text_1usrwzw,stable_same_inner_state,inner_unconfirmed_raw_space,inner_unconfirmed_raw_space,0.206666667,0.206666667,0.0,0.0,0.0,0.0,dio_1t2m,dio_1t2m,True,False,False,False,False,False,False,False
dio_text_1uvygtc,new_in_right_inner_map,,inner_unconfirmed_raw_space,0.0,0.206666667,0.206666667,0.55,0.082666667,0.0,,dio_1w44,True,False,False,False,False,False,False,False
dio_text_1v3fw9d,stable_same_inner_state,inner_unconfirmed_raw_space,inner_unconfirmed_raw_space,0.206666667,0.206666667,0.0,0.0,0.0,0.0,dio_0jdy,dio_0jdy,True,False,False,False,False,False,False,False
dio_text_1v4yrgh,new_in_right_inner_map,,inner_unconfirmed_raw_space,0.0,0.206666667,0.206666667,0.55,0.082666667,0.0,,dio_0jty,True,False,False,False,False,False,False,False
dio_text_1vkd4bz,stable_same_inner_state,inner_unconfirmed_raw_space,inner_unconfirmed_raw_space,0.206666667,0.206666667,0.0,0.0,0.0,0.0,dio_00od,dio_00od,True,False,False,False,False,False,False,False
dio_text_1w8qj0i,stable_same_inner_state,inner_unconfirmed_raw_space,inner_unconfirmed_raw_space,0.206666667,0.206666667,0.0,0.0,0.0,0.0,dio_1gsg,dio_1gsg,True,False,False,False,False,False,False,False
dio_text_1wp9rdo,new_in_right_inner_map,,inner_unconfirmed_raw_space,0.0,0.206666667,0.206666667,0.55,0.082666667,0.0,,dio_09od,True,False,False,False,False,False,False,False
dio_text_1wqejkj,stable_same_inner_state,inner_unconfirmed_raw_space,inner_unconfirmed_raw_space,0.206666667,0.206666667,0.0,0.0,0.0,0.0,dio_0tjw,dio_0tjw,True,False,False,False,False,False,False,False
dio_text_1x39ndk,stable_same_inner_state,inner_unconfirmed_raw_space,inner_unconfirmed_raw_space,0.206666667,0.206666667,0.0,0.0,0.0,0.0,dio_0325,dio_0325,True,False,False,False,False,False,False,False
dio_text_1xr7qn,stable_same_inner_state,inner_unconfirmed_raw_space,inner_unconfirmed_raw_space,0.206666667,0.206666667,0.0,0.0,0.0,0.0,dio_1xc7,dio_1xc7,True,False,False,False,False,False,False,False
dio_text_1xz3llh,stable_same_inner_state,inner_unconfirmed_raw_space,inner_unconfirmed_raw_space,0.206666667,0.206666667,0.0,0.0,0.0,0.0,dio_13a8,dio_13a8,True,False,False,False,False,False,False,False
dio_text_1y45cf6,stable_same_inner_state,inner_unconfirmed_raw_space,inner_unconfirmed_raw_space,0.206666667,0.206666667,0.0,0.0,0.0,0.0,dio_0w16,dio_0w16,True,False,False,False,False,False,False,False
dio_text_1y70cv7,stable_same_inner_state,inner_unconfirmed_raw_space,inner_unconfirmed_raw_space,0.206666667,0.206666667,0.0,0.0,0.0,0.0,dio_1gwl,dio_1gwl,True,False,False,False,False,False,False,False
dio_text_1y79hw9,stable_same_inner_state,inner_unconfirmed_raw_space,inner_unconfirmed_raw_space,0.206666667,0.206666667,0.0,0.0,0.0,0.0,dio_0gmg,dio_0gmg,True,False,False,False,False,False,False,False
dio_text_1yo1kc0,stable_same_inner_state,inner_unconfirmed_raw_space,inner_unconfirmed_raw_space,0.206666667,0.206666667,0.0,0.0,0.0,0.0,dio_09fk,dio_09fk,True,False,False,False,False,False,False,False
dio_text_1yteg9u,stable_same_inner_state,inner_unconfirmed_raw_space,inner_unconfirmed_raw_space,0.206666667,0.206666667,0.0,0.0,0.0,0.0,dio_1ee7,dio_1ee7,True,False,False,False,False,False,False,False
dio_text_1yu8n5z,stable_same_inner_state,inner_unconfirmed_raw_space,inner_unconfirmed_raw_space,0.206666667,0.206666667,0.0,0.0,0.0,0.0,dio_0p12,dio_0p12,True,False,False,False,False,False,False,False
dio_text_1yy0flh,new_in_right_inner_map,,inner_unconfirmed_raw_space,0.0,0.206666667,0.206666667,0.55,0.082666667,0.0,,dio_0a9m,True,False,False,False,False,False,False,False
dio_text_2oai6s,stable_same_inner_state,inner_unconfirmed_raw_space,inner_unconfirmed_raw_space,0.206666667,0.206666667,0.0,0.0,0.0,0.0,dio_0ni1,dio_0ni1,True,False,False,False,False,False,False,False
dio_text_2qewxh,stable_same_inner_state,inner_unconfirmed_raw_space,inner_unconfirmed_raw_space,0.206666667,0.206666667,0.0,0.0,0.0,0.0,dio_0jhi,dio_0jhi,True,False,False,False,False,False,False,False
dio_text_31egtq,new_in_right_inner_map,,inner_unconfirmed_raw_space,0.0,0.206666667,0.206666667,0.55,0.082666667,0.0,,dio_0jvf,True,False,False,False,False,False,False,False
dio_text_38zk5e,stable_same_inner_state,inner_unconfirmed_raw_space,inner_unconfirmed_raw_space,0.206666667,0.206666667,0.0,0.0,0.0,0.0,dio_11vr,dio_11vr,True,False,False,False,False,False,False,False
dio_text_39wx2r,stable_same_inner_state,inner_unconfirmed_raw_space,inner_unconfirmed_raw_space,0.206666667,0.206666667,0.0,0.0,0.0,0.0,dio_066y,dio_066y,True,False,False,False,False,False,False,False
dio_text_3e1xd0,stable_same_inner_state,inner_unconfirmed_raw_space,inner_unconfirmed_raw_space,0.206666667,0.206666667,0.0,0.0,0.0,0.0,dio_0ce4,dio_0ce4,True,False,False,False,False,False,False,False
dio_text_3tb8s7,stable_same_inner_state,inner_unconfirmed_raw_space,inner_unconfirmed_raw_space,0.206666667,0.206666667,0.0,0.0,0.0,0.0,dio_0haj,dio_0haj,True,False,False,False,False,False,False,False
dio_text_49bo5i,stable_same_inner_state,inner_unconfirmed_raw_space,inner_unconfirmed_raw_space,0.206666667,0.206666667,0.0,0.0,0.0,0.0,dio_06gy,dio_06gy,True,False,False,False,False,False,False,False
dio_text_4aw9au,missing_in_right_inner_map,inner_unconfirmed_raw_space,,0.206666667,0.0,-0.206666667,-0.55,-0.082666667,0.0,dio_0g9z,,True,False,False,False,False,False,False,False
dio_text_4awq52,stable_same_inner_state,inner_unconfirmed_raw_space,inner_unconfirmed_raw_space,0.22,0.22,0.0,0.0,0.0,0.0,dio_0zkk|dio_12n0|dio_12x0,dio_0zkk|dio_12n0|dio_12x0,True,False,False,False,False,False,False,False
dio_text_4d13oy,stable_same_inner_state,inner_unconfirmed_raw_space,inner_unconfirmed_raw_space,0.206666667,0.206666667,0.0,0.0,0.0,0.0,dio_184u,dio_184u,True,False,False,False,False,False,False,False
dio_text_4kokn2,stable_same_inner_state,inner_unconfirmed_raw_space,inner_unconfirmed_raw_space,0.206666667,0.206666667,0.0,0.0,0.0,0.0,dio_0qjm,dio_0qjm,True,False,False,False,False,False,False,False
dio_text_4srlmc,stable_same_inner_state,inner_unconfirmed_raw_space,inner_unconfirmed_raw_space,0.206666667,0.206666667,0.0,0.0,0.0,0.0,dio_1tjm,dio_1tjm,True,False,False,False,False,False,False,False
dio_text_4v3v3a,stable_same_inner_state,inner_unconfirmed_raw_space,inner_unconfirmed_raw_space,0.206666667,0.206666667,0.0,0.0,0.0,0.0,dio_1v9d,dio_1v9d,True,False,False,False,False,False,False,False
dio_text_4w08uw,stable_same_inner_state,inner_unconfirmed_raw_space,inner_unconfirmed_raw_space,0.206666667,0.206666667,0.0,0.0,0.0,0.0,dio_0hlx,dio_0hlx,True,False,False,False,False,False,False,False
dio_text_4zlfdv,stable_same_inner_state,inner_unconfirmed_raw_space,inner_unconfirmed_raw_space,0.206666667,0.206666667,0.0,0.0,0.0,0.0,dio_0ghz,dio_0ghz,True,False,False,False,False,False,False,False
dio_text_53xiik,stable_same_inner_state,inner_unconfirmed_raw_space,inner_unconfirmed_raw_space,0.206666667,0.206666667,0.0,0.0,0.0,0.0,dio_1fz7,dio_1fz7,True,False,False,False,False,False,False,False
dio_text_5dfk1v,stable_same_inner_state,inner_unconfirmed_raw_space,inner_unconfirmed_raw_space,0.206666667,0.206666667,0.0,0.0,0.0,0.0,dio_1b6b,dio_1b6b,True,False,False,False,False,False,False,False
dio_text_5ifltk,stable_same_inner_state,inner_unconfirmed_raw_space,inner_unconfirmed_raw_space,0.206666667,0.206666667,0.0,0.0,0.0,0.0,dio_0q3d,dio_0q3d,True,False,False,False,False,False,False,False
dio_text_5iope7,stable_same_inner_state,inner_unconfirmed_raw_space,inner_unconfirmed_raw_space,0.206666667,0.206666667,0.0,0.0,0.0,0.0,dio_11ex,dio_11ex,True,False,False,False,False,False,False,False
dio_text_5k5jo,new_in_right_inner_map,,inner_unconfirmed_raw_space,0.0,0.206666667,0.206666667,0.55,0.082666667,0.0,,dio_09tm,True,False,False,False,False,False,False,False
dio_text_5ky4a5,stable_same_inner_state,inner_unconfirmed_raw_space,inner_unconfirmed_raw_space,0.206666667,0.206666667,0.0,0.0,0.0,0.0,dio_1qs4,dio_1qs4,True,False,False,False,False,False,False,False
dio_text_6fir45,stable_same_inner_state,inner_unconfirmed_raw_space,inner_unconfirmed_raw_space,0.206666667,0.206666667,0.0,0.0,0.0,0.0,dio_0v30,dio_0v30,True,False,False,False,False,False,False,False
dio_text_6g436k,stable_same_inner_state,inner_unconfirmed_raw_space,inner_unconfirmed_raw_space,0.206666667,0.206666667,0.0,0.0,0.0,0.0,dio_1tdk,dio_1tdk,True,False,False,False,False,False,False,False
dio_text_72quhr,stable_same_inner_state,inner_unconfirmed_raw_space,inner_unconfirmed_raw_space,0.206666667,0.206666667,0.0,0.0,0.0,0.0,dio_03fd,dio_03fd,True,False,False,False,False,False,False,False
dio_text_75uvyh,stable_same_inner_state,inner_unconfirmed_raw_space,inner_unconfirmed_raw_space,0.206666667,0.206666667,0.0,0.0,0.0,0.0,dio_11mf,dio_11mf,True,False,False,False,False,False,False,False
dio_text_7c9wtw,stable_same_inner_state,inner_unconfirmed_raw_space,inner_unconfirmed_raw_space,0.206666667,0.206666667,0.0,0.0,0.0,0.0,dio_0g2u,dio_0g2u,True,False,False,False,False,False,False,False
dio_text_7nc4jm,stable_same_inner_state,inner_unconfirmed_raw_space,inner_unconfirmed_raw_space,0.206666667,0.206666667,0.0,0.0,0.0,0.0,dio_0z2v,dio_0z2v,True,False,False,False,False,False,False,False
dio_text_7rnwrx,stable_same_inner_state,inner_unconfirmed_raw_space,inner_unconfirmed_raw_space,0.206666667,0.206666667,0.0,0.0,0.0,0.0,dio_1iox,dio_1iox,True,False,False,False,False,False,False,False
dio_text_8e7yyl,stable_same_inner_state,inner_unconfirmed_raw_space,inner_unconfirmed_raw_space,0.206666667,0.206666667,0.0,0.0,0.0,0.0,dio_06qr,dio_06qr,True,False,False,False,False,False,False,False
dio_text_8enqgg,stable_same_inner_state,inner_unconfirmed_raw_space,inner_unconfirmed_raw_space,0.206666667,0.206666667,0.0,0.0,0.0,0.0,dio_06jl,dio_06jl,True,False,False,False,False,False,False,False
dio_text_8ofmvk,new_in_right_inner_map,,inner_unconfirmed_raw_space,0.0,0.22,0.22,0.55,0.088,0.0,,dio_15u1|dio_1640|dio_1mpk,True,False,False,False,False,False,False,False
dio_text_8t480q,stable_same_inner_state,inner_unconfirmed_raw_space,inner_unconfirmed_raw_space,0.206666667,0.206666667,0.0,0.0,0.0,0.0,dio_11jn,dio_11jn,True,False,False,False,False,False,False,False
dio_text_99l0qa,stable_same_inner_state,inner_unconfirmed_raw_space,inner_unconfirmed_raw_space,0.206666667,0.206666667,0.0,0.0,0.0,0.0,dio_0qcz,dio_0qcz,True,False,False,False,False,False,False,False
dio_text_9gbx6r,stable_same_inner_state,inner_unconfirmed_raw_space,inner_unconfirmed_raw_space,0.206666667,0.206666667,0.0,0.0,0.0,0.0,dio_0ug5,dio_0ug5,True,False,False,False,False,False,False,False
dio_text_9hvxwi,stable_same_inner_state,inner_unconfirmed_raw_space,inner_unconfirmed_raw_space,0.206666667,0.206666667,0.0,0.0,0.0,0.0,dio_0zoq,dio_0zoq,True,False,False,False,False,False,False,False
dio_text_9rplf,stable_same_inner_state,inner_unconfirmed_raw_space,inner_unconfirmed_raw_space,0.213333333,0.213333333,0.0,0.0,0.0,0.0,dio_1nlu|dio_1nvu,dio_1nlu|dio_1nvu,True,False,False,False,False,False,False,False
dio_text_9xhgea,new_in_right_inner_map,,inner_unconfirmed_raw_space,0.0,0.206666667,0.206666667,0.55,0.082666667,0.0,,dio_11nj,True,False,False,False,False,False,False,False
dio_text_a10xo7,stable_same_inner_state,inner_unconfirmed_raw_space,inner_unconfirmed_raw_space,0.206666667,0.206666667,0.0,0.0,0.0,0.0,dio_1vac,dio_1vac,True,False,False,False,False,False,False,False
dio_text_ag94bc,stable_same_inner_state,inner_unconfirmed_raw_space,inner_unconfirmed_raw_space,0.206666667,0.206666667,0.0,0.0,0.0,0.0,dio_0ka4,dio_0ka4,True,False,False,False,False,False,False,False
dio_text_ai8gb2,stable_same_inner_state,inner_unconfirmed_raw_space,inner_unconfirmed_raw_space,0.206666667,0.206666667,0.0,0.0,0.0,0.0,dio_0q3v,dio_0q3v,True,False,False,False,False,False,False,False
dio_text_am0noc,stable_same_inner_state,inner_unconfirmed_raw_space,inner_unconfirmed_raw_space,0.206666667,0.206666667,0.0,0.0,0.0,0.0,dio_0zmy,dio_0zmy,True,False,False,False,False,False,False,False
dio_text_anc9t7,stable_same_inner_state,inner_unconfirmed_raw_space,inner_unconfirmed_raw_space,0.206666667,0.206666667,0.0,0.0,0.0,0.0,dio_03sc,dio_03sc,True,False,False,False,False,False,False,False
dio_text_ap4k8b,missing_in_right_inner_map,inner_unconfirmed_raw_space,,0.206666667,0.0,-0.206666667,-0.55,-0.082666667,0.0,dio_00t9,,True,False,False,False,False,False,False,False
dio_text_aq2f0d,stable_same_inner_state,inner_unconfirmed_raw_space,inner_unconfirmed_raw_space,0.206666667,0.206666667,0.0,0.0,0.0,0.0,dio_0kg9,dio_0kg9,True,False,False,False,False,False,False,False
dio_text_at6uo0,stable_same_inner_state,inner_unconfirmed_raw_space,inner_unconfirmed_raw_space,0.206666667,0.206666667,0.0,0.0,0.0,0.0,dio_1667,dio_1667,True,False,False,False,False,False,False,False
dio_text_aw3za4,stable_same_inner_state,inner_unconfirmed_raw_space,inner_unconfirmed_raw_space,0.206666667,0.206666667,0.0,0.0,0.0,0.0,dio_0lt8,dio_0lt8,True,False,False,False,False,False,False,False
dio_text_azri4a,stable_same_inner_state,inner_unconfirmed_raw_space,inner_unconfirmed_raw_space,0.206666667,0.206666667,0.0,0.0,0.0,0.0,dio_0hln,dio_0hln,True,False,False,False,False,False,False,False
dio_text_b3niuc,missing_in_right_inner_map,inner_unconfirmed_raw_space,,0.206666667,0.0,-0.206666667,-0.55,-0.082666667,0.0,dio_13vj,,True,False,False,False,False,False,False,False
dio_text_b5hf0n,stable_same_inner_state,inner_unconfirmed_raw_space,inner_unconfirmed_raw_space,0.206666667,0.206666667,0.0,0.0,0.0,0.0,dio_0h7l,dio_0h7l,True,False,False,False,False,False,False,False
dio_text_bjp31e,stable_same_inner_state,inner_unconfirmed_raw_space,inner_unconfirmed_raw_space,0.206666667,0.206666667,0.0,0.0,0.0,0.0,dio_0u61,dio_0u61,True,False,False,False,False,False,False,False
dio_text_bkbong,stable_same_inner_state,inner_unconfirmed_raw_space,inner_unconfirmed_raw_space,0.206666667,0.206666667,0.0,0.0,0.0,0.0,dio_16l1,dio_16l1,True,False,False,False,False,False,False,False
dio_text_bnngns,stable_same_inner_state,inner_unconfirmed_raw_space,inner_unconfirmed_raw_space,0.206666667,0.206666667,0.0,0.0,0.0,0.0,dio_1k1o,dio_1k1o,True,False,False,False,False,False,False,False
dio_text_bto3lt,stable_same_inner_state,inner_unconfirmed_raw_space,inner_unconfirmed_raw_space,0.206666667,0.206666667,0.0,0.0,0.0,0.0,dio_00r9,dio_00r9,True,False,False,False,False,False,False,False
dio_text_cttvc5,stable_same_inner_state,inner_unconfirmed_raw_space,inner_unconfirmed_raw_space,0.206666667,0.206666667,0.0,0.0,0.0,0.0,dio_04bi,dio_04bi,True,False,False,False,False,False,False,False
dio_text_cuitat,stable_same_inner_state,inner_unconfirmed_raw_space,inner_unconfirmed_raw_space,0.206666667,0.206666667,0.0,0.0,0.0,0.0,dio_0j34,dio_0j34,True,False,False,False,False,False,False,False
dio_text_d4xfbr,new_in_right_inner_map,,inner_unconfirmed_raw_space,0.0,0.206666667,0.206666667,0.55,0.082666667,0.0,,dio_1kte,True,False,False,False,False,False,False,False
dio_text_de3k0u,stable_same_inner_state,inner_unconfirmed_raw_space,inner_unconfirmed_raw_space,0.206666667,0.206666667,0.0,0.0,0.0,0.0,dio_0lu5,dio_0lu5,True,False,False,False,False,False,False,False
dio_text_disgn6,new_in_right_inner_map,,inner_unconfirmed_raw_space,0.0,0.206666667,0.206666667,0.55,0.082666667,0.0,,dio_09b1,True,False,False,False,False,False,False,False
dio_text_dv6rlo,new_in_right_inner_map,,inner_unconfirmed_raw_space,0.0,0.206666667,0.206666667,0.55,0.082666667,0.0,,dio_0zqm,True,False,False,False,False,False,False,False
dio_text_eah94g,stable_same_inner_state,inner_unconfirmed_raw_space,inner_unconfirmed_raw_space,0.206666667,0.206666667,0.0,0.0,0.0,0.0,dio_0ngs,dio_0ngs,True,False,False,False,False,False,False,False
dio_text_ees1zy,stable_same_inner_state,inner_unconfirmed_raw_space,inner_unconfirmed_raw_space,0.206666667,0.206666667,0.0,0.0,0.0,0.0,dio_1k9e,dio_1k9e,True,False,False,False,False,False,False,False
dio_text_en9me1,stable_same_inner_state,inner_unconfirmed_raw_space,inner_unconfirmed_raw_space,0.206666667,0.206666667,0.0,0.0,0.0,0.0,dio_0w8h,dio_0w8h,True,False,False,False,False,False,False,False
dio_text_epfe3z,stable_same_inner_state,inner_unconfirmed_raw_space,inner_unconfirmed_raw_space,0.206666667,0.206666667,0.0,0.0,0.0,0.0,dio_1n79,dio_1n79,True,False,False,False,False,False,False,False
dio_text_evmppm,stable_same_inner_state,inner_unconfirmed_raw_space,inner_unconfirmed_raw_space,0.206666667,0.206666667,0.0,0.0,0.0,0.0,dio_0nki,dio_0nki,True,False,False,False,False,False,False,False
dio_text_ezo43f,stable_same_inner_state,inner_unconfirmed_raw_space,inner_unconfirmed_raw_space,0.206666667,0.206666667,0.0,0.0,0.0,0.0,dio_1a18,dio_1a18,True,False,False,False,False,False,False,False
dio_text_ffdehu,stable_same_inner_state,inner_unconfirmed_raw_space,inner_unconfirmed_raw_space,0.206666667,0.206666667,0.0,0.0,0.0,0.0,dio_0nmw,dio_0nmw,True,False,False,False,False,False,False,False
dio_text_gg7sj4,stable_same_inner_state,inner_unconfirmed_raw_space,inner_unconfirmed_raw_space,0.206666667,0.206666667,0.0,0.0,0.0,0.0,dio_1qaq,dio_1qaq,True,False,False,False,False,False,False,False
dio_text_gk53t,new_in_right_inner_map,,inner_unconfirmed_raw_space,0.0,0.206666667,0.206666667,0.55,0.082666667,0.0,,dio_0d83,True,False,False,False,False,False,False,False
dio_text_gxfd5q,missing_in_right_inner_map,inner_unconfirmed_raw_space,,0.206666667,0.0,-0.206666667,-0.55,-0.082666667,0.0,dio_1n65,,True,False,False,False,False,False,False,False
dio_text_h6tosf,stable_same_inner_state,inner_unconfirmed_raw_space,inner_unconfirmed_raw_space,0.206666667,0.206666667,0.0,0.0,0.0,0.0,dio_1xfl,dio_1xfl,True,False,False,False,False,False,False,False
dio_text_hbz48m,stable_same_inner_state,inner_unconfirmed_raw_space,inner_unconfirmed_raw_space,0.206666667,0.206666667,0.0,0.0,0.0,0.0,dio_0ic6,dio_0ic6,True,False,False,False,False,False,False,False
dio_text_ifzwmr,stable_same_inner_state,inner_unconfirmed_raw_space,inner_unconfirmed_raw_space,0.206666667,0.206666667,0.0,0.0,0.0,0.0,dio_0kua,dio_0kua,True,False,False,False,False,False,False,False
dio_text_iqfs7g,new_in_right_inner_map,,inner_unconfirmed_raw_space,0.0,0.206666667,0.206666667,0.55,0.082666667,0.0,,dio_015b,True,False,False,False,False,False,False,False
dio_text_iws5z4,stable_same_inner_state,inner_unconfirmed_raw_space,inner_unconfirmed_raw_space,0.206666667,0.206666667,0.0,0.0,0.0,0.0,dio_1mwc,dio_1mwc,True,False,False,False,False,False,False,False
dio_text_iwtozz,stable_same_inner_state,inner_unconfirmed_raw_space,inner_unconfirmed_raw_space,0.206666667,0.206666667,0.0,0.0,0.0,0.0,dio_04jc,dio_04jc,True,False,False,False,False,False,False,False
dio_text_j5uzpd,stable_same_inner_state,inner_unconfirmed_raw_space,inner_unconfirmed_raw_space,0.206666667,0.206666667,0.0,0.0,0.0,0.0,dio_0t61,dio_0t61,True,False,False,False,False,False,False,False
dio_text_j99big,stable_same_inner_state,inner_unconfirmed_raw_space,inner_unconfirmed_raw_space,0.206666667,0.206666667,0.0,0.0,0.0,0.0,dio_1dra,dio_1dra,True,False,False,False,False,False,False,False
dio_text_jnq1tx,stable_same_inner_state,inner_unconfirmed_raw_space,inner_unconfirmed_raw_space,0.206666667,0.206666667,0.0,0.0,0.0,0.0,dio_0bvc,dio_0bvc,True,False,False,False,False,False,False,False
dio_text_jo4l86,stable_same_inner_state,inner_unconfirmed_raw_space,inner_unconfirmed_raw_space,0.206666667,0.206666667,0.0,0.0,0.0,0.0,dio_0eeh,dio_0eeh,True,False,False,False,False,False,False,False
dio_text_jse13o,missing_in_right_inner_map,inner_unconfirmed_raw_space,,0.206666667,0.0,-0.206666667,-0.55,-0.082666667,0.0,dio_03ud,,True,False,False,False,False,False,False,False
dio_text_jyxj78,stable_same_inner_state,inner_unconfirmed_raw_space,inner_unconfirmed_raw_space,0.206666667,0.206666667,0.0,0.0,0.0,0.0,dio_17p4,dio_17p4,True,False,False,False,False,False,False,False
dio_text_k6niim,new_in_right_inner_map,,inner_unconfirmed_raw_space,0.0,0.206666667,0.206666667,0.55,0.082666667,0.0,,dio_155k,True,False,False,False,False,False,False,False
dio_text_kfl2l0,new_in_right_inner_map,,inner_unconfirmed_raw_space,0.0,0.206666667,0.206666667,0.55,0.082666667,0.0,,dio_0niq,True,False,False,False,False,False,False,False
dio_text_kt3ceq,stable_same_inner_state,inner_unconfirmed_raw_space,inner_unconfirmed_raw_space,0.206666667,0.206666667,0.0,0.0,0.0,0.0,dio_1xbs,dio_1xbs,True,False,False,False,False,False,False,False
dio_text_kyukuv,missing_in_right_inner_map,inner_unconfirmed_raw_space,,0.206666667,0.0,-0.206666667,-0.55,-0.082666667,0.0,dio_010h,,True,False,False,False,False,False,False,False
dio_text_l23kbc,stable_same_inner_state,inner_unconfirmed_raw_space,inner_unconfirmed_raw_space,0.206666667,0.206666667,0.0,0.0,0.0,0.0,dio_0xdp,dio_0xdp,True,False,False,False,False,False,False,False
dio_text_l56ymj,missing_in_right_inner_map,inner_unconfirmed_raw_space,,0.206666667,0.0,-0.206666667,-0.55,-0.082666667,0.0,dio_1mpk,,True,False,False,False,False,False,False,False
dio_text_lal9fp,stable_same_inner_state,inner_unconfirmed_raw_space,inner_unconfirmed_raw_space,0.206666667,0.206666667,0.0,0.0,0.0,0.0,dio_0w4x,dio_0w4x,True,False,False,False,False,False,False,False
dio_text_leu0c4,stable_same_inner_state,inner_unconfirmed_raw_space,inner_unconfirmed_raw_space,0.206666667,0.206666667,0.0,0.0,0.0,0.0,dio_0wxw,dio_0wxw,True,False,False,False,False,False,False,False
dio_text_lq0r40,stable_same_inner_state,inner_unconfirmed_raw_space,inner_unconfirmed_raw_space,0.206666667,0.206666667,0.0,0.0,0.0,0.0,dio_1mym,dio_1mym,True,False,False,False,False,False,False,False
dio_text_lzbkaz,stable_same_inner_state,inner_unconfirmed_raw_space,inner_unconfirmed_raw_space,0.206666667,0.206666667,0.0,0.0,0.0,0.0,dio_1qnu,dio_1qnu,True,False,False,False,False,False,False,False
dio_text_lzxisi,stable_same_inner_state,inner_unconfirmed_raw_space,inner_unconfirmed_raw_space,0.213333333,0.213333333,0.0,0.0,0.0,0.0,dio_10qz|dio_114i,dio_10qz|dio_114i,True,False,False,False,False,False,False,False
dio_text_m4xcdb,stable_same_inner_state,inner_unconfirmed_raw_space,inner_unconfirmed_raw_space,0.206666667,0.206666667,0.0,0.0,0.0,0.0,dio_151h,dio_151h,True,False,False,False,False,False,False,False
dio_text_m7bdsf,stable_same_inner_state,inner_unconfirmed_raw_space,inner_unconfirmed_raw_space,0.206666667,0.206666667,0.0,0.0,0.0,0.0,dio_0xyz,dio_0xyz,True,False,False,False,False,False,False,False
dio_text_m7wy5j,stable_same_inner_state,inner_unconfirmed_raw_space,inner_unconfirmed_raw_space,0.213333333,0.213333333,0.0,0.0,0.0,0.0,dio_14eb|dio_155e,dio_14eb|dio_155e,True,False,False,False,False,False,False,False
dio_text_mnivhe,stable_same_inner_state,inner_unconfirmed_raw_space,inner_unconfirmed_raw_space,0.206666667,0.206666667,0.0,0.0,0.0,0.0,dio_0x9y,dio_0x9y,True,False,False,False,False,False,False,False
dio_text_mv2lt2,stable_same_inner_state,inner_unconfirmed_raw_space,inner_unconfirmed_raw_space,0.206666667,0.206666667,0.0,0.0,0.0,0.0,dio_0lck,dio_0lck,True,False,False,False,False,False,False,False
dio_text_mxoyl,missing_in_right_inner_map,inner_unconfirmed_raw_space,,0.206666667,0.0,-0.206666667,-0.55,-0.082666667,0.0,dio_0e37,,True,False,False,False,False,False,False,False
dio_text_n1nyds,stable_same_inner_state,inner_unconfirmed_raw_space,inner_unconfirmed_raw_space,0.206666667,0.206666667,0.0,0.0,0.0,0.0,dio_1qyi,dio_1qyi,True,False,False,False,False,False,False,False
dio_text_n8wqh9,stable_same_inner_state,inner_unconfirmed_raw_space,inner_unconfirmed_raw_space,0.206666667,0.206666667,0.0,0.0,0.0,0.0,dio_1q4u,dio_1q4u,True,False,False,False,False,False,False,False
dio_text_nc8ood,stable_same_inner_state,inner_unconfirmed_raw_space,inner_unconfirmed_raw_space,0.206666667,0.206666667,0.0,0.0,0.0,0.0,dio_1qst,dio_1qst,True,False,False,False,False,False,False,False
dio_text_nnvq8,stable_same_inner_state,inner_unconfirmed_raw_space,inner_unconfirmed_raw_space,0.206666667,0.206666667,0.0,0.0,0.0,0.0,dio_0qfc,dio_0qfc,True,False,False,False,False,False,False,False
dio_text_ntwlxl,stable_same_inner_state,inner_unconfirmed_raw_space,inner_unconfirmed_raw_space,0.206666667,0.206666667,0.0,0.0,0.0,0.0,dio_15lu,dio_15lu,True,False,False,False,False,False,False,False
dio_text_nzp7y7,missing_in_right_inner_map,inner_unconfirmed_raw_space,,0.206666667,0.0,-0.206666667,-0.55,-0.082666667,0.0,dio_0g59,,True,False,False,False,False,False,False,False
dio_text_opp7pw,new_in_right_inner_map,,inner_unconfirmed_raw_space,0.0,0.206666667,0.206666667,0.55,0.082666667,0.0,,dio_1xjq,True,False,False,False,False,False,False,False
dio_text_ork7yp,stable_same_inner_state,inner_unconfirmed_raw_space,inner_unconfirmed_raw_space,0.206666667,0.206666667,0.0,0.0,0.0,0.0,dio_1fjx,dio_1fjx,True,False,False,False,False,False,False,False
dio_text_ot5arl,stable_same_inner_state,inner_unconfirmed_raw_space,inner_unconfirmed_raw_space,0.206666667,0.206666667,0.0,0.0,0.0,0.0,dio_1fzx,dio_1fzx,True,False,False,False,False,False,False,False
dio_text_owzp0j,stable_same_inner_state,inner_unconfirmed_raw_space,inner_unconfirmed_raw_space,0.206666667,0.206666667,0.0,0.0,0.0,0.0,dio_1xvh,dio_1xvh,True,False,False,False,False,False,False,False
dio_text_oxc49x,stable_same_inner_state,inner_unconfirmed_raw_space,inner_unconfirmed_raw_space,0.206666667,0.206666667,0.0,0.0,0.0,0.0,dio_0q64,dio_0q64,True,False,False,False,False,False,False,False
dio_text_pktwcn,stable_same_inner_state,inner_unconfirmed_raw_space,inner_unconfirmed_raw_space,0.206666667,0.206666667,0.0,0.0,0.0,0.0,dio_01px,dio_01px,True,False,False,False,False,False,False,False
dio_text_pt4dv2,stable_same_inner_state,inner_unconfirmed_raw_space,inner_unconfirmed_raw_space,0.206666667,0.206666667,0.0,0.0,0.0,0.0,dio_1im7,dio_1im7,True,False,False,False,False,False,False,False
dio_text_pt8m5c,stable_same_inner_state,inner_unconfirmed_raw_space,inner_unconfirmed_raw_space,0.206666667,0.206666667,0.0,0.0,0.0,0.0,dio_1a1a,dio_1a1a,True,False,False,False,False,False,False,False
dio_text_pzdenv,stable_same_inner_state,inner_unconfirmed_raw_space,inner_unconfirmed_raw_space,0.206666667,0.206666667,0.0,0.0,0.0,0.0,dio_0kdz,dio_0kdz,True,False,False,False,False,False,False,False
dio_text_qf97iu,stable_same_inner_state,inner_unconfirmed_raw_space,inner_unconfirmed_raw_space,0.206666667,0.206666667,0.0,0.0,0.0,0.0,dio_0lrt,dio_0lrt,True,False,False,False,False,False,False,False
dio_text_qt2gbm,stable_same_inner_state,inner_unconfirmed_raw_space,inner_unconfirmed_raw_space,0.206666667,0.206666667,0.0,0.0,0.0,0.0,dio_19b6,dio_19b6,True,False,False,False,False,False,False,False
dio_text_qtr0m5,stable_same_inner_state,inner_unconfirmed_raw_space,inner_unconfirmed_raw_space,0.206666667,0.206666667,0.0,0.0,0.0,0.0,dio_0l9d,dio_0l9d,True,False,False,False,False,False,False,False
dio_text_qxbcil,stable_same_inner_state,inner_unconfirmed_raw_space,inner_unconfirmed_raw_space,0.206666667,0.206666667,0.0,0.0,0.0,0.0,dio_1f9y,dio_1f9y,True,False,False,False,False,False,False,False
dio_text_qy2jcy,stable_same_inner_state,inner_unconfirmed_raw_space,inner_unconfirmed_raw_space,0.206666667,0.206666667,0.0,0.0,0.0,0.0,dio_15tx,dio_15tx,True,False,False,False,False,False,False,False
dio_text_qypegb,stable_same_inner_state,inner_unconfirmed_raw_space,inner_unconfirmed_raw_space,0.206666667,0.206666667,0.0,0.0,0.0,0.0,dio_0h67,dio_0h67,True,False,False,False,False,False,False,False
dio_text_qzlu7v,stable_same_inner_state,inner_unconfirmed_raw_space,inner_unconfirmed_raw_space,0.206666667,0.206666667,0.0,0.0,0.0,0.0,dio_0fu8,dio_0fu8,True,False,False,False,False,False,False,False
dio_text_r4ig6,stable_same_inner_state,inner_unconfirmed_raw_space,inner_unconfirmed_raw_space,0.206666667,0.206666667,0.0,0.0,0.0,0.0,dio_1lx1,dio_1lx1,True,False,False,False,False,False,False,False
dio_text_rs7nft,stable_same_inner_state,inner_unconfirmed_raw_space,inner_unconfirmed_raw_space,0.206666667,0.206666667,0.0,0.0,0.0,0.0,dio_15rg,dio_15rg,True,False,False,False,False,False,False,False
dio_text_s1hajl,stable_same_inner_state,inner_unconfirmed_raw_space,inner_unconfirmed_raw_space,0.206666667,0.206666667,0.0,0.0,0.0,0.0,dio_1xka,dio_1xka,True,False,False,False,False,False,False,False
dio_text_s8uxc7,stable_same_inner_state,inner_unconfirmed_raw_space,inner_unconfirmed_raw_space,0.206666667,0.206666667,0.0,0.0,0.0,0.0,dio_1xvd,dio_1xvd,True,False,False,False,False,False,False,False
dio_text_sagras,stable_same_inner_state,inner_unconfirmed_raw_space,inner_unconfirmed_raw_space,0.206666667,0.206666667,0.0,0.0,0.0,0.0,dio_0q96,dio_0q96,True,False,False,False,False,False,False,False
dio_text_se3c2x,stable_same_inner_state,inner_unconfirmed_raw_space,inner_unconfirmed_raw_space,0.206666667,0.206666667,0.0,0.0,0.0,0.0,dio_1fck,dio_1fck,True,False,False,False,False,False,False,False
dio_text_sg6q7d,stable_same_inner_state,inner_unconfirmed_raw_space,inner_unconfirmed_raw_space,0.206666667,0.206666667,0.0,0.0,0.0,0.0,dio_0ksa,dio_0ksa,True,False,False,False,False,False,False,False
dio_text_syt9x8,stable_same_inner_state,inner_unconfirmed_raw_space,inner_unconfirmed_raw_space,0.206666667,0.206666667,0.0,0.0,0.0,0.0,dio_1s8p,dio_1s8p,True,False,False,False,False,False,False,False
dio_text_tjhw7r,stable_same_inner_state,inner_unconfirmed_raw_space,inner_unconfirmed_raw_space,0.206666667,0.206666667,0.0,0.0,0.0,0.0,dio_05c5,dio_05c5,True,False,False,False,False,False,False,False
dio_text_tsjbnf,stable_same_inner_state,inner_unconfirmed_raw_space,inner_unconfirmed_raw_space,0.206666667,0.206666667,0.0,0.0,0.0,0.0,dio_1ffn,dio_1ffn,True,False,False,False,False,False,False,False
dio_text_tucgoe,stable_same_inner_state,inner_unconfirmed_raw_space,inner_unconfirmed_raw_space,0.206666667,0.206666667,0.0,0.0,0.0,0.0,dio_1287,dio_1287,True,False,False,False,False,False,False,False
dio_text_u0lq7x,missing_in_right_inner_map,inner_unconfirmed_raw_space,,0.206666667,0.0,-0.206666667,-0.55,-0.082666667,0.0,dio_1mrs,,True,False,False,False,False,False,False,False
dio_text_u0z5jr,stable_same_inner_state,inner_unconfirmed_raw_space,inner_unconfirmed_raw_space,0.206666667,0.206666667,0.0,0.0,0.0,0.0,dio_1958,dio_1958,True,False,False,False,False,False,False,False
dio_text_ugc85o,stable_same_inner_state,inner_unconfirmed_raw_space,inner_unconfirmed_raw_space,0.206666667,0.206666667,0.0,0.0,0.0,0.0,dio_17jb,dio_17jb,True,False,False,False,False,False,False,False
dio_text_uo1fl9,stable_same_inner_state,inner_unconfirmed_raw_space,inner_unconfirmed_raw_space,0.206666667,0.206666667,0.0,0.0,0.0,0.0,dio_05e5,dio_05e5,True,False,False,False,False,False,False,False
dio_text_uqfmhb,stable_same_inner_state,inner_unconfirmed_raw_space,inner_unconfirmed_raw_space,0.206666667,0.206666667,0.0,0.0,0.0,0.0,dio_0py2,dio_0py2,True,False,False,False,False,False,False,False
dio_text_uvzu2h,stable_same_inner_state,inner_unconfirmed_raw_space,inner_unconfirmed_raw_space,0.206666667,0.206666667,0.0,0.0,0.0,0.0,dio_0e02,dio_0e02,True,False,False,False,False,False,False,False
dio_text_v97b4e,stable_same_inner_state,inner_unconfirmed_raw_space,inner_unconfirmed_raw_space,0.206666667,0.206666667,0.0,0.0,0.0,0.0,dio_018g,dio_018g,True,False,False,False,False,False,False,False
dio_text_viwvx3,stable_same_inner_state,inner_unconfirmed_raw_space,inner_unconfirmed_raw_space,0.206666667,0.206666667,0.0,0.0,0.0,0.0,dio_1are,dio_1are,True,False,False,False,False,False,False,False
dio_text_vleiij,new_in_right_inner_map,,inner_unconfirmed_raw_space,0.0,0.206666667,0.206666667,0.55,0.082666667,0.0,,dio_19x7,True,False,False,False,False,False,False,False
dio_text_vmlzlg,missing_in_right_inner_map,inner_unconfirmed_raw_space,,0.213333333,0.0,-0.213333333,-0.55,-0.085333333,0.0,dio_0d83|dio_155k,,True,False,False,False,False,False,False,False
dio_text_vmma0b,stable_same_inner_state,inner_unconfirmed_raw_space,inner_unconfirmed_raw_space,0.206666667,0.206666667,0.0,0.0,0.0,0.0,dio_0i4h,dio_0i4h,True,False,False,False,False,False,False,False
dio_text_vq0lte,stable_same_inner_state,inner_unconfirmed_raw_space,inner_unconfirmed_raw_space,0.206666667,0.206666667,0.0,0.0,0.0,0.0,dio_1wx6,dio_1wx6,True,False,False,False,False,False,False,False
dio_text_vwzveq,stable_same_inner_state,inner_unconfirmed_raw_space,inner_unconfirmed_raw_space,0.206666667,0.206666667,0.0,0.0,0.0,0.0,dio_1a1w,dio_1a1w,True,False,False,False,False,False,False,False
dio_text_vxp6vf,stable_same_inner_state,inner_unconfirmed_raw_space,inner_unconfirmed_raw_space,0.206666667,0.206666667,0.0,0.0,0.0,0.0,dio_0udt,dio_0udt,True,False,False,False,False,False,False,False
dio_text_w35b1r,stable_same_inner_state,inner_unconfirmed_raw_space,inner_unconfirmed_raw_space,0.206666667,0.206666667,0.0,0.0,0.0,0.0,dio_106t,dio_106t,True,False,False,False,False,False,False,False
dio_text_w8ylx,missing_in_right_inner_map,inner_unconfirmed_raw_space,,0.213333333,0.0,-0.213333333,-0.55,-0.085333333,0.0,dio_09tm|dio_0zqm,,True,False,False,False,False,False,False,False
dio_text_wld9e3,stable_same_inner_state,inner_unconfirmed_raw_space,inner_unconfirmed_raw_space,0.206666667,0.206666667,0.0,0.0,0.0,0.0,dio_0icm,dio_0icm,True,False,False,False,False,False,False,False
dio_text_wmjdu3,stable_same_inner_state,inner_unconfirmed_raw_space,inner_unconfirmed_raw_space,0.206666667,0.206666667,0.0,0.0,0.0,0.0,dio_108f,dio_108f,True,False,False,False,False,False,False,False
dio_text_wmrx03,stable_same_inner_state,inner_unconfirmed_raw_space,inner_unconfirmed_raw_space,0.206666667,0.206666667,0.0,0.0,0.0,0.0,dio_0nj5,dio_0nj5,True,False,False,False,False,False,False,False
dio_text_wtew2v,new_in_right_inner_map,,inner_unconfirmed_raw_space,0.0,0.206666667,0.206666667,0.55,0.082666667,0.0,,dio_0lvo,True,False,False,False,False,False,False,False
dio_text_wurdj8,missing_in_right_inner_map,inner_unconfirmed_raw_space,,0.206666667,0.0,-0.206666667,-0.55,-0.082666667,0.0,dio_1o1o,,True,False,False,False,False,False,False,False
dio_text_x76vbm,missing_in_right_inner_map,inner_unconfirmed_raw_space,,0.206666667,0.0,-0.206666667,-0.55,-0.082666667,0.0,dio_101r,,True,False,False,False,False,False,False,False
dio_text_xdaz95,stable_same_inner_state,inner_unconfirmed_raw_space,inner_unconfirmed_raw_space,0.206666667,0.206666667,0.0,0.0,0.0,0.0,dio_07mw,dio_07mw,True,False,False,False,False,False,False,False
dio_text_xdrx62,stable_same_inner_state,inner_unconfirmed_raw_space,inner_unconfirmed_raw_space,0.213333333,0.213333333,0.0,0.0,0.0,0.0,dio_07kj|dio_09u3,dio_07kj|dio_09u3,True,False,False,False,False,False,False,False
dio_text_xkmsth,stable_same_inner_state,inner_unconfirmed_raw_space,inner_unconfirmed_raw_space,0.206666667,0.206666667,0.0,0.0,0.0,0.0,dio_1onm,dio_1onm,True,False,False,False,False,False,False,False
dio_text_xks2gl,stable_same_inner_state,inner_unconfirmed_raw_space,inner_unconfirmed_raw_space,0.206666667,0.206666667,0.0,0.0,0.0,0.0,dio_1k10,dio_1k10,True,False,False,False,False,False,False,False
dio_text_xyp367,stable_same_inner_state,inner_unconfirmed_raw_space,inner_unconfirmed_raw_space,0.206666667,0.206666667,0.0,0.0,0.0,0.0,dio_0nq0,dio_0nq0,True,False,False,False,False,False,False,False
dio_text_y8bf0y,stable_same_inner_state,inner_unconfirmed_raw_space,inner_unconfirmed_raw_space,0.206666667,0.206666667,0.0,0.0,0.0,0.0,dio_0rwa,dio_0rwa,True,False,False,False,False,False,False,False
dio_text_y8vi92,stable_same_inner_state,inner_unconfirmed_raw_space,inner_unconfirmed_raw_space,0.206666667,0.206666667,0.0,0.0,0.0,0.0,dio_14q2,dio_14q2,True,False,False,False,False,False,False,False
dio_text_yonihy,stable_same_inner_state,inner_unconfirmed_raw_space,inner_unconfirmed_raw_space,0.206666667,0.206666667,0.0,0.0,0.0,0.0,dio_08pv,dio_08pv,True,False,False,False,False,False,False,False
dio_text_ys3tqn,stable_same_inner_state,inner_unconfirmed_raw_space,inner_unconfirmed_raw_space,0.206666667,0.206666667,0.0,0.0,0.0,0.0,dio_0iou,dio_0iou,True,False,False,False,False,False,False,False
dio_text_ytavf7,missing_in_right_inner_map,inner_unconfirmed_raw_space,,0.213333333,0.0,-0.213333333,-0.55,-0.085333333,0.0,dio_1ldo|dio_1lno,,True,False,False,False,False,False,False,False
dio_text_yxu0z,new_in_right_inner_map,,inner_unconfirmed_raw_space,0.0,0.206666667,0.206666667,0.55,0.082666667,0.0,,dio_09zn,True,False,False,False,False,False,False,False
dio_text_yydt5h,stable_same_inner_state,inner_unconfirmed_raw_space,inner_unconfirmed_raw_space,0.206666667,0.206666667,0.0,0.0,0.0,0.0,dio_0n41,dio_0n41,True,False,False,False,False,False,False,False
dio_text_z2rm2a,stable_same_inner_state,inner_unconfirmed_raw_space,inner_unconfirmed_raw_space,0.206666667,0.206666667,0.0,0.0,0.0,0.0,dio_1u5g,dio_1u5g,True,False,False,False,False,False,False,False
dio_text_zbbclx,stable_same_inner_state,inner_unconfirmed_raw_space,inner_unconfirmed_raw_space,0.206666667,0.206666667,0.0,0.0,0.0,0.0,dio_07lp,dio_07lp,True,False,False,False,False,False,False,False
dio_text_zqjhxt,stable_same_inner_state,inner_unconfirmed_raw_space,inner_unconfirmed_raw_space,0.206666667,0.206666667,0.0,0.0,0.0,0.0,dio_17ny,dio_17ny,True,False,False,False,False,False,False,False
